,YEAR,ADDR_PCT_CD,CMPLNTS,POPULATION,ARRESTS,STOPS,STOP_ARRESTS
0,2006.0,1.0,6279.0,66679.0,4024.0,,
1,2007.0,1.0,6762.0,66679.0,4797.0,,
2,2008.0,1.0,6614.0,66679.0,5008.0,2506.0,221.0
3,2009.0,1.0,6280.0,66679.0,5371.0,2585.0,238.0
4,2010.0,1.0,5895.0,66679.0,4950.0,2446.0,260.0
5,2011.0,1.0,5955.0,66679.0,5583.0,3626.0,215.0
6,2012.0,1.0,6287.0,66679.0,5479.0,3053.0,189.0
7,2013.0,1.0,6055.0,66679.0,4778.0,1159.0,93.0
8,2014.0,1.0,5636.0,66679.0,4676.0,88.0,11.0
9,2015.0,1.0,5655.0,66679.0,4119.0,45.0,4.0
10,2016.0,1.0,6296.0,66679.0,3787.0,60.0,7.0
11,2017.0,1.0,6091.0,66679.0,3074.0,47.0,6.0
12,2018.0,1.0,6889.0,66679.0,2792.0,99.0,26.0
13,2006.0,5.0,4177.0,52568.0,5110.0,,
14,2007.0,5.0,4430.0,52568.0,5069.0,,
15,2008.0,5.0,4614.0,52568.0,5333.0,3132.0,286.0
16,2009.0,5.0,4512.0,52568.0,5635.0,2880.0,234.0
17,2010.0,5.0,4930.0,52568.0,6039.0,2871.0,340.0
18,2011.0,5.0,4472.0,52568.0,5791.0,3118.0,372.0
19,2012.0,5.0,4642.0,52568.0,5960.0,2782.0,304.0
20,2013.0,5.0,4449.0,52568.0,6121.0,1116.0,122.0
21,2014.0,5.0,4225.0,52568.0,6046.0,275.0,60.0
22,2015.0,5.0,4341.0,52568.0,5423.0,187.0,27.0
23,2016.0,5.0,4422.0,52568.0,5423.0,95.0,24.0
24,2017.0,5.0,4310.0,52568.0,5164.0,108.0,51.0
25,2018.0,5.0,4299.0,52568.0,4570.0,87.0,22.0
26,2006.0,6.0,5644.0,62226.0,3862.0,,
27,2007.0,6.0,5977.0,62226.0,4568.0,,
28,2008.0,6.0,5635.0,62226.0,4355.0,3311.0,216.0
29,2009.0,6.0,5455.0,62226.0,4665.0,2325.0,163.0
30,2010.0,6.0,5426.0,62226.0,4635.0,3533.0,265.0
31,2011.0,6.0,5283.0,62226.0,4643.0,2954.0,222.0
32,2012.0,6.0,5513.0,62226.0,4174.0,3637.0,200.0
33,2013.0,6.0,5701.0,62226.0,4499.0,1273.0,103.0
34,2014.0,6.0,5071.0,62226.0,4476.0,107.0,12.0
35,2015.0,6.0,4993.0,62226.0,3799.0,27.0,3.0
36,2016.0,6.0,4656.0,62226.0,2851.0,37.0,11.0
37,2017.0,6.0,5040.0,62226.0,3194.0,53.0,16.0
38,2018.0,6.0,4952.0,62226.0,2722.0,103.0,61.0
39,2006.0,7.0,3859.0,56355.0,3088.0,,
40,2007.0,7.0,4404.0,56355.0,3596.0,,
41,2008.0,7.0,4500.0,56355.0,3116.0,4293.0,414.0
42,2009.0,7.0,4146.0,56355.0,3455.0,3825.0,365.0
43,2010.0,7.0,4122.0,56355.0,3620.0,3224.0,418.0
44,2011.0,7.0,3907.0,56355.0,3917.0,4177.0,494.0
45,2012.0,7.0,4163.0,56355.0,4124.0,3501.0,382.0
46,2013.0,7.0,3815.0,56355.0,3818.0,1120.0,207.0
47,2014.0,7.0,3852.0,56355.0,3368.0,333.0,88.0
48,2015.0,7.0,4050.0,56355.0,3305.0,165.0,29.0
49,2016.0,7.0,4372.0,56355.0,2871.0,75.0,21.0
50,2017.0,7.0,4282.0,56355.0,2713.0,110.0,52.0
51,2018.0,7.0,4031.0,56355.0,2311.0,138.0,37.0
52,2006.0,9.0,6387.0,76443.0,4152.0,,
53,2007.0,9.0,6372.0,76443.0,4193.0,,
54,2008.0,9.0,6790.0,76443.0,4348.0,4635.0,506.0
55,2009.0,9.0,6662.0,76443.0,4385.0,5196.0,565.0
56,2010.0,9.0,6362.0,76443.0,4542.0,5177.0,748.0
57,2011.0,9.0,6173.0,76443.0,4364.0,5367.0,895.0
58,2012.0,9.0,6277.0,76443.0,4367.0,5282.0,1008.0
59,2013.0,9.0,6077.0,76443.0,4037.0,2315.0,571.0
60,2014.0,9.0,5451.0,76443.0,3926.0,594.0,291.0
61,2015.0,9.0,5521.0,76443.0,3862.0,261.0,94.0
62,2016.0,9.0,5660.0,76443.0,3451.0,106.0,32.0
63,2017.0,9.0,5122.0,76443.0,2888.0,181.0,81.0
64,2018.0,9.0,4996.0,76443.0,2310.0,118.0,38.0
65,2006.0,10.0,4986.0,50180.0,3770.0,,
66,2007.0,10.0,4577.0,50180.0,3221.0,,
67,2008.0,10.0,4917.0,50180.0,3711.0,4213.0,333.0
68,2009.0,10.0,4204.0,50180.0,3492.0,2760.0,289.0
69,2010.0,10.0,4116.0,50180.0,3134.0,2728.0,343.0
70,2011.0,10.0,4151.0,50180.0,3072.0,3089.0,309.0
71,2012.0,10.0,4278.0,50180.0,2895.0,2406.0,277.0
72,2013.0,10.0,4403.0,50180.0,3634.0,1219.0,194.0
73,2014.0,10.0,3929.0,50180.0,3107.0,147.0,45.0
74,2015.0,10.0,3786.0,50180.0,3091.0,112.0,9.0
75,2016.0,10.0,3907.0,50180.0,2909.0,79.0,17.0
76,2017.0,10.0,3670.0,50180.0,2393.0,71.0,27.0
77,2018.0,10.0,3975.0,50180.0,1954.0,83.0,32.0
78,2006.0,13.0,7829.0,93640.0,3808.0,,
79,2007.0,13.0,8111.0,93640.0,4178.0,,
80,2008.0,13.0,7884.0,93640.0,4225.0,5201.0,400.0
81,2009.0,13.0,7604.0,93640.0,4625.0,4594.0,346.0
82,2010.0,13.0,7150.0,93640.0,4936.0,4047.0,335.0
83,2011.0,13.0,7149.0,93640.0,6006.0,5252.0,541.0
84,2012.0,13.0,7147.0,93640.0,5628.0,3830.0,473.0
85,2013.0,13.0,7383.0,93640.0,5762.0,1555.0,316.0
86,2014.0,13.0,6962.0,93640.0,5641.0,491.0,190.0
87,2015.0,13.0,7115.0,93640.0,5937.0,331.0,119.0
88,2016.0,13.0,6708.0,93640.0,4556.0,108.0,31.0
89,2017.0,13.0,6639.0,93640.0,3960.0,195.0,98.0
90,2018.0,13.0,7329.0,93640.0,3202.0,181.0,74.0
91,2006.0,14.0,13367.0,20651.0,13828.0,,
92,2007.0,14.0,13109.0,20651.0,14519.0,,
93,2008.0,14.0,12370.0,20651.0,14080.0,11258.0,652.0
94,2009.0,14.0,12309.0,20651.0,15004.0,10094.0,608.0
95,2010.0,14.0,12196.0,20651.0,15359.0,12125.0,862.0
96,2011.0,14.0,11442.0,20651.0,13682.0,10665.0,700.0
97,2012.0,14.0,11425.0,20651.0,13328.0,8945.0,480.0
98,2013.0,14.0,11521.0,20651.0,14377.0,3448.0,215.0
99,2014.0,14.0,11021.0,20651.0,14873.0,557.0,99.0
100,2015.0,14.0,10536.0,20651.0,12899.0,311.0,55.0
101,2016.0,14.0,10287.0,20651.0,11172.0,136.0,24.0
102,2017.0,14.0,10157.0,20651.0,9655.0,102.0,18.0
103,2018.0,14.0,10600.0,20651.0,8097.0,91.0,28.0
104,2006.0,17.0,3770.0,79126.0,1945.0,,
105,2007.0,17.0,3663.0,79126.0,2119.0,,
106,2008.0,17.0,3616.0,79126.0,1816.0,1990.0,104.0
107,2009.0,17.0,3191.0,79126.0,1866.0,1611.0,78.0
108,2010.0,17.0,3114.0,79126.0,1899.0,1842.0,80.0
109,2011.0,17.0,3005.0,79126.0,1999.0,2060.0,106.0
110,2012.0,17.0,3240.0,79126.0,2067.0,1331.0,112.0
111,2013.0,17.0,3150.0,79126.0,2092.0,493.0,61.0
112,2014.0,17.0,2896.0,79126.0,1969.0,153.0,26.0
113,2015.0,17.0,2961.0,79126.0,1508.0,121.0,21.0
114,2016.0,17.0,3290.0,79126.0,1542.0,57.0,8.0
115,2017.0,17.0,3729.0,79126.0,1699.0,43.0,15.0
116,2018.0,17.0,3836.0,79126.0,1491.0,31.0,15.0
117,2006.0,18.0,7897.0,54066.0,4571.0,,
118,2007.0,18.0,7904.0,54066.0,4836.0,,
119,2008.0,18.0,7954.0,54066.0,4824.0,3485.0,216.0
120,2009.0,18.0,7821.0,54066.0,5355.0,2495.0,174.0
121,2010.0,18.0,7961.0,54066.0,5539.0,3153.0,263.0
122,2011.0,18.0,7603.0,54066.0,5687.0,3633.0,324.0
123,2012.0,18.0,7929.0,54066.0,5278.0,2978.0,287.0
124,2013.0,18.0,8014.0,54066.0,5619.0,954.0,118.0
125,2014.0,18.0,7976.0,54066.0,6231.0,141.0,7.0
126,2015.0,18.0,7953.0,54066.0,5356.0,100.0,11.0
127,2016.0,18.0,8243.0,54066.0,4782.0,112.0,16.0
128,2017.0,18.0,8397.0,54066.0,4937.0,57.0,21.0
129,2018.0,18.0,8369.0,54066.0,3883.0,96.0,20.0
130,2006.0,19.0,8287.0,208259.0,3788.0,,
131,2007.0,19.0,7811.0,208259.0,3698.0,,
132,2008.0,19.0,7050.0,208259.0,3362.0,5394.0,554.0
133,2009.0,19.0,6087.0,208259.0,3337.0,3784.0,437.0
134,2010.0,19.0,6161.0,208259.0,3182.0,4260.0,565.0
135,2011.0,19.0,6097.0,208259.0,3165.0,5250.0,642.0
136,2012.0,19.0,6425.0,208259.0,3410.0,4652.0,586.0
137,2013.0,19.0,6237.0,208259.0,3154.0,1388.0,334.0
138,2014.0,19.0,5875.0,208259.0,2954.0,386.0,134.0
139,2015.0,19.0,5856.0,208259.0,2830.0,250.0,110.0
140,2016.0,19.0,6297.0,208259.0,2905.0,108.0,39.0
141,2017.0,19.0,6537.0,208259.0,2860.0,128.0,37.0
142,2018.0,19.0,6681.0,208259.0,2352.0,217.0,87.0
143,2006.0,20.0,4271.0,102624.0,2164.0,,
144,2007.0,20.0,4265.0,102624.0,2400.0,,
145,2008.0,20.0,4283.0,102624.0,2349.0,2838.0,300.0
146,2009.0,20.0,4208.0,102624.0,2534.0,3041.0,472.0
147,2010.0,20.0,4178.0,102624.0,2274.0,4533.0,499.0
148,2011.0,20.0,3773.0,102624.0,2194.0,5237.0,417.0
149,2012.0,20.0,4111.0,102624.0,2030.0,3266.0,335.0
150,2013.0,20.0,4052.0,102624.0,2109.0,1340.0,158.0
151,2014.0,20.0,3919.0,102624.0,2249.0,287.0,53.0
152,2015.0,20.0,3832.0,102624.0,1876.0,150.0,28.0
153,2016.0,20.0,3835.0,102624.0,1803.0,38.0,3.0
154,2017.0,20.0,4318.0,102624.0,1889.0,55.0,19.0
155,2018.0,20.0,4114.0,102624.0,1622.0,71.0,38.0
156,2006.0,22.0,358.0,25.0,642.0,,
157,2007.0,22.0,421.0,25.0,679.0,,
158,2008.0,22.0,467.0,25.0,654.0,675.0,33.0
159,2009.0,22.0,391.0,25.0,611.0,591.0,27.0
160,2010.0,22.0,495.0,25.0,757.0,1246.0,39.0
161,2011.0,22.0,499.0,25.0,682.0,1416.0,53.0
162,2012.0,22.0,525.0,25.0,586.0,592.0,26.0
163,2013.0,22.0,454.0,25.0,463.0,141.0,16.0
164,2014.0,22.0,395.0,25.0,394.0,83.0,7.0
165,2015.0,22.0,390.0,25.0,419.0,38.0,4.0
166,2016.0,22.0,325.0,25.0,222.0,45.0,1.0
167,2017.0,22.0,289.0,25.0,200.0,25.0,2.0
168,2018.0,22.0,255.0,25.0,137.0,24.0,4.0
169,2006.0,23.0,6715.0,73106.0,6217.0,,
170,2007.0,23.0,7102.0,73106.0,6046.0,,
171,2008.0,23.0,7048.0,73106.0,5960.0,15510.0,1134.0
172,2009.0,23.0,7047.0,73106.0,6349.0,14501.0,1442.0
173,2010.0,23.0,6758.0,73106.0,6158.0,17281.0,1471.0
174,2011.0,23.0,6371.0,73106.0,6241.0,17498.0,951.0
175,2012.0,23.0,6278.0,73106.0,5696.0,11095.0,528.0
176,2013.0,23.0,6456.0,73106.0,5700.0,3787.0,307.0
177,2014.0,23.0,6288.0,73106.0,5502.0,719.0,221.0
178,2015.0,23.0,6403.0,73106.0,5141.0,340.0,41.0
179,2016.0,23.0,6469.0,73106.0,4776.0,380.0,81.0
180,2017.0,23.0,6207.0,73106.0,4216.0,346.0,115.0
181,2018.0,23.0,5684.0,73106.0,3348.0,347.0,81.0
182,2006.0,24.0,5555.0,106460.0,2938.0,,
183,2007.0,24.0,5786.0,106460.0,3630.0,,
184,2008.0,24.0,5734.0,106460.0,3368.0,4147.0,366.0
185,2009.0,24.0,5168.0,106460.0,3371.0,3077.0,396.0
186,2010.0,24.0,5049.0,106460.0,3146.0,4005.0,556.0
187,2011.0,24.0,4446.0,106460.0,2896.0,4918.0,565.0
188,2012.0,24.0,4851.0,106460.0,3194.0,4218.0,410.0
189,2013.0,24.0,4647.0,106460.0,2974.0,861.0,148.0
190,2014.0,24.0,4509.0,106460.0,2843.0,244.0,63.0
191,2015.0,24.0,4659.0,106460.0,2730.0,173.0,39.0
192,2016.0,24.0,4752.0,106460.0,2371.0,132.0,26.0
193,2017.0,24.0,4913.0,106460.0,2185.0,168.0,50.0
194,2018.0,24.0,4778.0,106460.0,1803.0,184.0,81.0
195,2006.0,25.0,5678.0,47405.0,7798.0,,
196,2007.0,25.0,6642.0,47405.0,9057.0,,
197,2008.0,25.0,6637.0,47405.0,8852.0,8604.0,1348.0
198,2009.0,25.0,6612.0,47405.0,8785.0,8219.0,1137.0
199,2010.0,25.0,7026.0,47405.0,9960.0,10696.0,1343.0
200,2011.0,25.0,6295.0,47405.0,8940.0,9926.0,835.0
201,2012.0,25.0,6899.0,47405.0,9392.0,6373.0,658.0
202,2013.0,25.0,6838.0,47405.0,9822.0,2406.0,359.0
203,2014.0,25.0,7407.0,47405.0,9689.0,762.0,303.0
204,2015.0,25.0,7236.0,47405.0,7407.0,411.0,127.0
205,2016.0,25.0,6590.0,47405.0,6656.0,234.0,55.0
206,2017.0,25.0,6605.0,47405.0,6464.0,191.0,64.0
207,2018.0,25.0,6647.0,47405.0,5356.0,223.0,44.0
208,2006.0,26.0,3917.0,49508.0,2775.0,,
209,2007.0,26.0,3759.0,49508.0,2925.0,,
210,2008.0,26.0,3634.0,49508.0,3222.0,4277.0,304.0
211,2009.0,26.0,3553.0,49508.0,3293.0,4059.0,390.0
212,2010.0,26.0,3430.0,49508.0,3399.0,4582.0,476.0
213,2011.0,26.0,3237.0,49508.0,3324.0,4991.0,498.0
214,2012.0,26.0,3536.0,49508.0,3574.0,5488.0,443.0
215,2013.0,26.0,3284.0,49508.0,3610.0,1580.0,170.0
216,2014.0,26.0,3017.0,49508.0,2689.0,190.0,66.0
217,2015.0,26.0,2798.0,49508.0,2453.0,97.0,25.0
218,2016.0,26.0,2940.0,49508.0,2174.0,71.0,17.0
219,2017.0,26.0,3032.0,49508.0,1971.0,77.0,32.0
220,2018.0,26.0,3052.0,49508.0,1778.0,97.0,47.0
221,2006.0,28.0,5498.0,44781.0,5873.0,,
222,2007.0,28.0,5382.0,44781.0,5935.0,,
223,2008.0,28.0,5412.0,44781.0,5903.0,6369.0,600.0
224,2009.0,28.0,5983.0,44781.0,6975.0,7413.0,511.0
225,2010.0,28.0,5507.0,44781.0,6169.0,7657.0,639.0
226,2011.0,28.0,4922.0,44781.0,5742.0,8738.0,511.0
227,2012.0,28.0,5156.0,44781.0,5977.0,6707.0,296.0
228,2013.0,28.0,5117.0,44781.0,5891.0,1492.0,115.0
229,2014.0,28.0,4925.0,44781.0,5421.0,271.0,44.0
230,2015.0,28.0,4956.0,44781.0,4245.0,153.0,16.0
231,2016.0,28.0,5674.0,44781.0,4166.0,113.0,30.0
232,2017.0,28.0,5710.0,44781.0,3226.0,145.0,54.0
233,2018.0,28.0,5239.0,44781.0,2320.0,108.0,25.0
234,2006.0,30.0,5191.0,60685.0,4495.0,,
235,2007.0,30.0,5370.0,60685.0,5477.0,,
236,2008.0,30.0,5113.0,60685.0,4674.0,3318.0,295.0
237,2009.0,30.0,5510.0,60685.0,5523.0,7633.0,500.0
238,2010.0,30.0,4962.0,60685.0,4498.0,4836.0,481.0
239,2011.0,30.0,4736.0,60685.0,4514.0,7550.0,706.0
240,2012.0,30.0,4968.0,60685.0,4506.0,6169.0,621.0
241,2013.0,30.0,4899.0,60685.0,4799.0,2759.0,298.0
242,2014.0,30.0,4488.0,60685.0,4132.0,319.0,60.0
243,2015.0,30.0,4204.0,60685.0,3709.0,117.0,20.0
244,2016.0,30.0,4381.0,60685.0,3254.0,117.0,19.0
245,2017.0,30.0,3580.0,60685.0,1997.0,87.0,22.0
246,2018.0,30.0,3728.0,60685.0,1631.0,103.0,20.0
247,2006.0,32.0,7210.0,70942.0,6119.0,,
248,2007.0,32.0,7475.0,70942.0,6227.0,,
249,2008.0,32.0,7904.0,70942.0,7413.0,11524.0,1014.0
250,2009.0,32.0,7899.0,70942.0,7227.0,12127.0,970.0
251,2010.0,32.0,7342.0,70942.0,6830.0,10725.0,1075.0
252,2011.0,32.0,7030.0,70942.0,6823.0,12859.0,1193.0
253,2012.0,32.0,6671.0,70942.0,6102.0,10764.0,821.0
254,2013.0,32.0,6124.0,70942.0,5580.0,3149.0,309.0
255,2014.0,32.0,6235.0,70942.0,5315.0,416.0,128.0
256,2015.0,32.0,6500.0,70942.0,5096.0,337.0,81.0
257,2016.0,32.0,6745.0,70942.0,5187.0,215.0,64.0
258,2017.0,32.0,5970.0,70942.0,3859.0,191.0,83.0
259,2018.0,32.0,5706.0,70942.0,3130.0,140.0,49.0
260,2006.0,33.0,5273.0,77645.0,5662.0,,
261,2007.0,33.0,5233.0,77645.0,6740.0,,
262,2008.0,33.0,5059.0,77645.0,6843.0,4525.0,420.0
263,2009.0,33.0,4715.0,77645.0,6538.0,5829.0,473.0
264,2010.0,33.0,4496.0,77645.0,6077.0,4358.0,355.0
265,2011.0,33.0,4004.0,77645.0,5704.0,7041.0,385.0
266,2012.0,33.0,4088.0,77645.0,5114.0,3620.0,240.0
267,2013.0,33.0,4246.0,77645.0,5450.0,2215.0,127.0
268,2014.0,33.0,3901.0,77645.0,4863.0,300.0,32.0
269,2015.0,33.0,3930.0,77645.0,4175.0,89.0,9.0
270,2016.0,33.0,4143.0,77645.0,3977.0,65.0,20.0
271,2017.0,33.0,4082.0,77645.0,3497.0,199.0,63.0
272,2018.0,33.0,4000.0,77645.0,2651.0,128.0,28.0
273,2006.0,34.0,5304.0,112375.0,5652.0,,
274,2007.0,34.0,5675.0,112375.0,6374.0,,
275,2008.0,34.0,5561.0,112375.0,5768.0,7611.0,447.0
276,2009.0,34.0,5496.0,112375.0,6126.0,7296.0,364.0
277,2010.0,34.0,5125.0,112375.0,6071.0,6800.0,487.0
278,2011.0,34.0,5205.0,112375.0,5957.0,11548.0,434.0
279,2012.0,34.0,5239.0,112375.0,5998.0,9675.0,402.0
280,2013.0,34.0,5270.0,112375.0,5392.0,4184.0,292.0
281,2014.0,34.0,5286.0,112375.0,5795.0,393.0,92.0
282,2015.0,34.0,5446.0,112375.0,4530.0,124.0,14.0
283,2016.0,34.0,5538.0,112375.0,4454.0,133.0,21.0
284,2017.0,34.0,5867.0,112375.0,4126.0,192.0,52.0
285,2018.0,34.0,5432.0,112375.0,3096.0,188.0,44.0
286,2006.0,40.0,12436.0,91497.0,10964.0,,
287,2007.0,40.0,12378.0,91497.0,11167.0,,
288,2008.0,40.0,11982.0,91497.0,11071.0,12616.0,716.0
289,2009.0,40.0,12067.0,91497.0,11989.0,15167.0,608.0
290,2010.0,40.0,11482.0,91497.0,11543.0,17262.0,1098.0
291,2011.0,40.0,10803.0,91497.0,10753.0,17690.0,1121.0
292,2012.0,40.0,11794.0,91497.0,11319.0,18276.0,1044.0
293,2013.0,40.0,11505.0,91497.0,11296.0,4592.0,600.0
294,2014.0,40.0,11632.0,91497.0,12718.0,898.0,668.0
295,2015.0,40.0,12529.0,91497.0,12116.0,927.0,540.0
296,2016.0,40.0,12373.0,91497.0,10358.0,375.0,172.0
297,2017.0,40.0,12109.0,91497.0,8357.0,372.0,114.0
298,2018.0,40.0,11653.0,91497.0,6730.0,311.0,104.0
299,2006.0,41.0,6067.0,52246.0,5906.0,,
300,2007.0,41.0,7014.0,52246.0,6898.0,,
301,2008.0,41.0,7049.0,52246.0,7310.0,7408.0,527.0
302,2009.0,41.0,6839.0,52246.0,7387.0,8038.0,465.0
303,2010.0,41.0,6674.0,52246.0,7264.0,7838.0,624.0
304,2011.0,41.0,6728.0,52246.0,8007.0,11329.0,503.0
305,2012.0,41.0,7017.0,52246.0,7388.0,8611.0,404.0
306,2013.0,41.0,7472.0,52246.0,7224.0,1565.0,109.0
307,2014.0,41.0,7725.0,52246.0,7419.0,1015.0,79.0
308,2015.0,41.0,7201.0,52246.0,6531.0,527.0,79.0
309,2016.0,41.0,7450.0,52246.0,6133.0,161.0,31.0
310,2017.0,41.0,6624.0,52246.0,4924.0,87.0,20.0
311,2018.0,41.0,5976.0,52246.0,3748.0,72.0,23.0
312,2006.0,42.0,8591.0,79762.0,5596.0,,
313,2007.0,42.0,8625.0,79762.0,5813.0,,
314,2008.0,42.0,7836.0,79762.0,6408.0,8555.0,640.0
315,2009.0,42.0,7848.0,79762.0,7679.0,9471.0,423.0
316,2010.0,42.0,7467.0,79762.0,7472.0,11683.0,810.0
317,2011.0,42.0,7799.0,79762.0,7209.0,12414.0,786.0
318,2012.0,42.0,7609.0,79762.0,6354.0,7761.0,687.0
319,2013.0,42.0,7373.0,79762.0,6322.0,2424.0,291.0
320,2014.0,42.0,7609.0,79762.0,6361.0,698.0,245.0
321,2015.0,42.0,7565.0,79762.0,5713.0,375.0,153.0
322,2016.0,42.0,8161.0,79762.0,5917.0,185.0,80.0
323,2017.0,42.0,7987.0,79762.0,5327.0,283.0,100.0
324,2018.0,42.0,8077.0,79762.0,4278.0,254.0,61.0
325,2006.0,43.0,14173.0,172122.0,10690.0,,
326,2007.0,43.0,15576.0,172122.0,12077.0,,
327,2008.0,43.0,14823.0,172122.0,11117.0,10222.0,794.0
328,2009.0,43.0,14470.0,172122.0,11266.0,9886.0,1050.0
329,2010.0,43.0,14388.0,172122.0,11409.0,11507.0,1072.0
330,2011.0,43.0,14405.0,172122.0,12381.0,17281.0,1200.0
331,2012.0,43.0,13243.0,172122.0,10433.0,10655.0,818.0
332,2013.0,43.0,12573.0,172122.0,8127.0,2950.0,289.0
333,2014.0,43.0,12129.0,172122.0,8198.0,427.0,154.0
334,2015.0,43.0,11654.0,172122.0,6540.0,405.0,181.0
335,2016.0,43.0,11807.0,172122.0,6108.0,303.0,103.0
336,2017.0,43.0,11132.0,172122.0,6005.0,103.0,38.0
337,2018.0,43.0,10400.0,172122.0,4842.0,396.0,110.0
338,2006.0,44.0,13196.0,146441.0,11858.0,,
339,2007.0,44.0,12769.0,146441.0,13668.0,,
340,2008.0,44.0,12883.0,146441.0,13810.0,8883.0,379.0
341,2009.0,44.0,12772.0,146441.0,14271.0,11956.0,515.0
342,2010.0,44.0,13579.0,146441.0,15859.0,12898.0,1202.0
343,2011.0,44.0,13534.0,146441.0,15078.0,16903.0,1264.0
344,2012.0,44.0,12814.0,146441.0,13322.0,15414.0,1335.0
345,2013.0,44.0,12459.0,146441.0,12494.0,3436.0,563.0
346,2014.0,44.0,11660.0,146441.0,10824.0,1330.0,191.0
347,2015.0,44.0,11770.0,146441.0,10450.0,461.0,63.0
348,2016.0,44.0,11623.0,146441.0,8765.0,125.0,13.0
349,2017.0,44.0,11747.0,146441.0,7371.0,286.0,82.0
350,2018.0,44.0,12069.0,146441.0,7123.0,221.0,72.0
351,2006.0,45.0,6855.0,120833.0,2969.0,,
352,2007.0,45.0,6686.0,120833.0,2927.0,,
353,2008.0,45.0,6827.0,120833.0,3339.0,3402.0,174.0
354,2009.0,45.0,6771.0,120833.0,3386.0,4285.0,245.0
355,2010.0,45.0,6659.0,120833.0,3333.0,4907.0,318.0
356,2011.0,45.0,6222.0,120833.0,3406.0,5362.0,346.0
357,2012.0,45.0,5787.0,120833.0,3167.0,3995.0,323.0
358,2013.0,45.0,5699.0,120833.0,2824.0,1165.0,91.0
359,2014.0,45.0,6157.0,120833.0,3004.0,298.0,41.0
360,2015.0,45.0,6411.0,120833.0,2861.0,262.0,28.0
361,2016.0,45.0,6311.0,120833.0,2757.0,78.0,22.0
362,2017.0,45.0,6131.0,120833.0,2542.0,115.0,16.0
363,2018.0,45.0,6056.0,120833.0,2617.0,103.0,14.0
364,2006.0,46.0,12049.0,128200.0,12296.0,,
365,2007.0,46.0,13023.0,128200.0,13123.0,,
366,2008.0,46.0,12763.0,128200.0,13652.0,7697.0,389.0
367,2009.0,46.0,12320.0,128200.0,13078.0,8999.0,520.0
368,2010.0,46.0,11100.0,128200.0,10593.0,11927.0,482.0
369,2011.0,46.0,10444.0,128200.0,9686.0,13718.0,313.0
370,2012.0,46.0,9798.0,128200.0,8811.0,5628.0,256.0
371,2013.0,46.0,9363.0,128200.0,7853.0,1184.0,72.0
372,2014.0,46.0,9847.0,128200.0,8090.0,348.0,45.0
373,2015.0,46.0,9457.0,128200.0,6383.0,189.0,27.0
374,2016.0,46.0,9409.0,128200.0,5663.0,129.0,24.0
375,2017.0,46.0,8716.0,128200.0,5432.0,279.0,95.0
376,2018.0,46.0,9185.0,128200.0,5743.0,269.0,80.0
377,2006.0,47.0,8746.0,152374.0,5797.0,,
378,2007.0,47.0,9175.0,152374.0,7145.0,,
379,2008.0,47.0,9306.0,152374.0,7650.0,7210.0,574.0
380,2009.0,47.0,9208.0,152374.0,7737.0,6685.0,458.0
381,2010.0,47.0,9235.0,152374.0,7744.0,9689.0,1167.0
382,2011.0,47.0,8664.0,152374.0,6880.0,10936.0,919.0
383,2012.0,47.0,9171.0,152374.0,6601.0,8948.0,629.0
384,2013.0,47.0,8521.0,152374.0,6659.0,2516.0,240.0
385,2014.0,47.0,8878.0,152374.0,6590.0,362.0,168.0
386,2015.0,47.0,9175.0,152374.0,5740.0,545.0,213.0
387,2016.0,47.0,10355.0,152374.0,5564.0,201.0,65.0
388,2017.0,47.0,10198.0,152374.0,5570.0,169.0,52.0
389,2018.0,47.0,9651.0,152374.0,5182.0,104.0,22.0
390,2006.0,48.0,7525.0,83266.0,5467.0,,
391,2007.0,48.0,9194.0,83266.0,7846.0,,
392,2008.0,48.0,8266.0,83266.0,7049.0,4109.0,223.0
393,2009.0,48.0,8306.0,83266.0,7417.0,3533.0,268.0
394,2010.0,48.0,8347.0,83266.0,7756.0,3643.0,502.0
395,2011.0,48.0,7412.0,83266.0,6731.0,5265.0,353.0
396,2012.0,48.0,7864.0,83266.0,6729.0,5430.0,193.0
397,2013.0,48.0,8312.0,83266.0,7175.0,950.0,62.0
398,2014.0,48.0,8389.0,83266.0,6724.0,135.0,27.0
399,2015.0,48.0,8206.0,83266.0,6133.0,100.0,21.0
400,2016.0,48.0,7744.0,83266.0,5718.0,90.0,24.0
401,2017.0,48.0,7962.0,83266.0,5009.0,219.0,45.0
402,2018.0,48.0,7611.0,83266.0,4604.0,207.0,47.0
403,2006.0,49.0,6889.0,114712.0,2711.0,,
404,2007.0,49.0,7179.0,114712.0,2965.0,,
405,2008.0,49.0,6802.0,114712.0,3034.0,4647.0,216.0
406,2009.0,49.0,6887.0,114712.0,3253.0,6742.0,357.0
407,2010.0,49.0,7217.0,114712.0,3839.0,8677.0,453.0
408,2011.0,49.0,6946.0,114712.0,3519.0,8495.0,378.0
409,2012.0,49.0,6649.0,114712.0,3922.0,5778.0,349.0
410,2013.0,49.0,6760.0,114712.0,4448.0,1637.0,106.0
411,2014.0,49.0,6716.0,114712.0,4243.0,475.0,59.0
412,2015.0,49.0,6355.0,114712.0,3682.0,581.0,105.0
413,2016.0,49.0,6519.0,114712.0,3794.0,566.0,70.0
414,2017.0,49.0,6597.0,114712.0,3757.0,280.0,96.0
415,2018.0,49.0,6559.0,114712.0,3344.0,142.0,38.0
416,2006.0,50.0,4627.0,101720.0,1902.0,,
417,2007.0,50.0,5052.0,101720.0,2554.0,,
418,2008.0,50.0,5086.0,101720.0,2542.0,2271.0,170.0
419,2009.0,50.0,5148.0,101720.0,2979.0,2323.0,208.0
420,2010.0,50.0,4617.0,101720.0,2316.0,2659.0,264.0
421,2011.0,50.0,4578.0,101720.0,2538.0,2683.0,304.0
422,2012.0,50.0,4366.0,101720.0,2170.0,1832.0,203.0
423,2013.0,50.0,4162.0,101720.0,2078.0,913.0,76.0
424,2014.0,50.0,4395.0,101720.0,2129.0,301.0,14.0
425,2015.0,50.0,4471.0,101720.0,1986.0,165.0,13.0
426,2016.0,50.0,4494.0,101720.0,2058.0,106.0,11.0
427,2017.0,50.0,4339.0,101720.0,1627.0,50.0,10.0
428,2018.0,50.0,4023.0,101720.0,1320.0,45.0,8.0
429,2006.0,52.0,10028.0,139307.0,7739.0,,
430,2007.0,52.0,10617.0,139307.0,9534.0,,
431,2008.0,52.0,10846.0,139307.0,9068.0,7712.0,432.0
432,2009.0,52.0,10502.0,139307.0,9413.0,9172.0,439.0
433,2010.0,52.0,11363.0,139307.0,11407.0,9729.0,835.0
434,2011.0,52.0,11247.0,139307.0,10690.0,13648.0,657.0
435,2012.0,52.0,10769.0,139307.0,9747.0,9811.0,446.0
436,2013.0,52.0,10296.0,139307.0,9357.0,1964.0,159.0
437,2014.0,52.0,10807.0,139307.0,9380.0,536.0,39.0
438,2015.0,52.0,10209.0,139307.0,7324.0,216.0,21.0
439,2016.0,52.0,9898.0,139307.0,6377.0,140.0,16.0
440,2017.0,52.0,10031.0,139307.0,6898.0,230.0,61.0
441,2018.0,52.0,9856.0,139307.0,5915.0,207.0,47.0
442,2006.0,60.0,6906.0,104278.0,4614.0,,
443,2007.0,60.0,6675.0,104278.0,4988.0,,
444,2008.0,60.0,6788.0,104278.0,4808.0,6659.0,360.0
445,2009.0,60.0,6136.0,104278.0,5213.0,8781.0,377.0
446,2010.0,60.0,6746.0,104278.0,5090.0,9235.0,690.0
447,2011.0,60.0,6405.0,104278.0,4562.0,9952.0,670.0
448,2012.0,60.0,6275.0,104278.0,4142.0,7785.0,500.0
449,2013.0,60.0,6176.0,104278.0,4392.0,4478.0,285.0
450,2014.0,60.0,6294.0,104278.0,4670.0,691.0,70.0
451,2015.0,60.0,6434.0,104278.0,4974.0,488.0,99.0
452,2016.0,60.0,5913.0,104278.0,4538.0,278.0,144.0
453,2017.0,60.0,5778.0,104278.0,4133.0,186.0,78.0
454,2018.0,60.0,6058.0,104278.0,3880.0,174.0,62.0
455,2006.0,61.0,7511.0,159645.0,3282.0,,
456,2007.0,61.0,7525.0,159645.0,3514.0,,
457,2008.0,61.0,7413.0,159645.0,3338.0,6034.0,203.0
458,2009.0,61.0,6875.0,159645.0,3430.0,5396.0,210.0
459,2010.0,61.0,6030.0,159645.0,3140.0,5439.0,269.0
460,2011.0,61.0,5697.0,159645.0,3194.0,6620.0,265.0
461,2012.0,61.0,6259.0,159645.0,3314.0,6690.0,193.0
462,2013.0,61.0,5784.0,159645.0,3329.0,2929.0,114.0
463,2014.0,61.0,5910.0,159645.0,3331.0,196.0,15.0
464,2015.0,61.0,5552.0,159645.0,2810.0,99.0,22.0
465,2016.0,61.0,5279.0,159645.0,2676.0,88.0,34.0
466,2017.0,61.0,5570.0,159645.0,2635.0,152.0,58.0
467,2018.0,61.0,5459.0,159645.0,2231.0,137.0,44.0
468,2006.0,62.0,7405.0,181981.0,2615.0,,
469,2007.0,62.0,6907.0,181981.0,2840.0,,
470,2008.0,62.0,6623.0,181981.0,2915.0,4642.0,212.0
471,2009.0,62.0,6199.0,181981.0,2826.0,6040.0,206.0
472,2010.0,62.0,5615.0,181981.0,2515.0,4976.0,180.0
473,2011.0,62.0,5718.0,181981.0,2471.0,4385.0,194.0
474,2012.0,62.0,5747.0,181981.0,2476.0,4471.0,195.0
475,2013.0,62.0,5668.0,181981.0,2384.0,3054.0,115.0
476,2014.0,62.0,5986.0,181981.0,2947.0,618.0,45.0
477,2015.0,62.0,5909.0,181981.0,2770.0,256.0,47.0
478,2016.0,62.0,5485.0,181981.0,2549.0,125.0,27.0
479,2017.0,62.0,5392.0,181981.0,2394.0,107.0,47.0
480,2018.0,62.0,5170.0,181981.0,1653.0,97.0,34.0
481,2006.0,63.0,6181.0,108646.0,2160.0,,
482,2007.0,63.0,5907.0,108646.0,2605.0,,
483,2008.0,63.0,6039.0,108646.0,2377.0,2218.0,76.0
484,2009.0,63.0,5498.0,108646.0,2282.0,2520.0,96.0
485,2010.0,63.0,5359.0,108646.0,2301.0,3449.0,149.0
486,2011.0,63.0,5403.0,108646.0,2443.0,4585.0,237.0
487,2012.0,63.0,5282.0,108646.0,2499.0,3663.0,197.0
488,2013.0,63.0,4853.0,108646.0,2339.0,1549.0,79.0
489,2014.0,63.0,4790.0,108646.0,2277.0,232.0,18.0
490,2015.0,63.0,4975.0,108646.0,2183.0,171.0,8.0
491,2016.0,63.0,4960.0,108646.0,2294.0,80.0,4.0
492,2017.0,63.0,4651.0,108646.0,1996.0,172.0,32.0
493,2018.0,63.0,4289.0,108646.0,2051.0,163.0,38.0
494,2006.0,66.0,5348.0,191382.0,2010.0,,
495,2007.0,66.0,5172.0,191382.0,2008.0,,
496,2008.0,66.0,5276.0,191382.0,1824.0,3800.0,630.0
497,2009.0,66.0,5162.0,191382.0,1756.0,3987.0,669.0
498,2010.0,66.0,4920.0,191382.0,1837.0,2779.0,419.0
499,2011.0,66.0,4887.0,191382.0,1651.0,3827.0,326.0
500,2012.0,66.0,4935.0,191382.0,1769.0,3435.0,322.0
501,2013.0,66.0,4756.0,191382.0,1871.0,1944.0,198.0
502,2014.0,66.0,4472.0,191382.0,1984.0,932.0,98.0
503,2015.0,66.0,4626.0,191382.0,2038.0,468.0,89.0
504,2016.0,66.0,4429.0,191382.0,2031.0,237.0,66.0
505,2017.0,66.0,4143.0,191382.0,1568.0,52.0,10.0
506,2018.0,66.0,4011.0,191382.0,1293.0,55.0,3.0
507,2006.0,67.0,9898.0,155252.0,6590.0,,
508,2007.0,67.0,9180.0,155252.0,7258.0,,
509,2008.0,67.0,9250.0,155252.0,6308.0,6860.0,353.0
510,2009.0,67.0,9191.0,155252.0,7038.0,12385.0,588.0
511,2010.0,67.0,8980.0,155252.0,6598.0,11945.0,429.0
512,2011.0,67.0,9103.0,155252.0,6598.0,13093.0,420.0
513,2012.0,67.0,9367.0,155252.0,7327.0,10832.0,302.0
514,2013.0,67.0,9560.0,155252.0,6993.0,4317.0,227.0
515,2014.0,67.0,10082.0,155252.0,7511.0,1248.0,93.0
516,2015.0,67.0,9874.0,155252.0,6754.0,769.0,40.0
517,2016.0,67.0,10106.0,155252.0,5832.0,269.0,17.0
518,2017.0,67.0,9514.0,155252.0,5074.0,244.0,46.0
519,2018.0,67.0,9667.0,155252.0,4736.0,289.0,64.0
520,2006.0,68.0,5422.0,124491.0,1946.0,,
521,2007.0,68.0,5318.0,124491.0,2234.0,,
522,2008.0,68.0,5424.0,124491.0,2206.0,3385.0,243.0
523,2009.0,68.0,5314.0,124491.0,2463.0,2545.0,306.0
524,2010.0,68.0,5174.0,124491.0,2476.0,2639.0,258.0
525,2011.0,68.0,4818.0,124491.0,2313.0,2890.0,321.0
526,2012.0,68.0,5082.0,124491.0,2067.0,2557.0,184.0
527,2013.0,68.0,5115.0,124491.0,2293.0,1588.0,152.0
528,2014.0,68.0,4711.0,124491.0,2316.0,109.0,16.0
529,2015.0,68.0,4845.0,124491.0,2144.0,70.0,10.0
530,2016.0,68.0,5159.0,124491.0,2625.0,86.0,17.0
531,2017.0,68.0,4968.0,124491.0,2898.0,85.0,36.0
532,2018.0,68.0,4335.0,124491.0,2502.0,50.0,15.0
533,2006.0,69.0,5479.0,84480.0,2770.0,,
534,2007.0,69.0,4989.0,84480.0,2922.0,,
535,2008.0,69.0,5112.0,84480.0,2847.0,6694.0,235.0
536,2009.0,69.0,5006.0,84480.0,2725.0,5667.0,254.0
537,2010.0,69.0,4839.0,84480.0,3003.0,6566.0,283.0
538,2011.0,69.0,4979.0,84480.0,3158.0,6117.0,199.0
539,2012.0,69.0,5245.0,84480.0,3237.0,5369.0,168.0
540,2013.0,69.0,4927.0,84480.0,3112.0,2911.0,160.0
541,2014.0,69.0,4830.0,84480.0,3788.0,833.0,62.0
542,2015.0,69.0,4640.0,84480.0,2985.0,167.0,19.0
543,2016.0,69.0,4658.0,84480.0,2801.0,25.0,6.0
544,2017.0,69.0,4424.0,84480.0,2851.0,166.0,53.0
545,2018.0,69.0,4158.0,84480.0,2176.0,157.0,44.0
546,2006.0,70.0,9356.0,160664.0,5435.0,,
547,2007.0,70.0,8790.0,160664.0,5800.0,,
548,2008.0,70.0,8546.0,160664.0,5750.0,10479.0,341.0
549,2009.0,70.0,8029.0,160664.0,6012.0,10287.0,303.0
550,2010.0,70.0,7879.0,160664.0,6286.0,10291.0,294.0
551,2011.0,70.0,7813.0,160664.0,5600.0,12304.0,254.0
552,2012.0,70.0,7903.0,160664.0,5108.0,11248.0,152.0
553,2013.0,70.0,7816.0,160664.0,5153.0,4033.0,152.0
554,2014.0,70.0,7699.0,160664.0,5401.0,598.0,34.0
555,2015.0,70.0,7615.0,160664.0,4384.0,557.0,30.0
556,2016.0,70.0,7356.0,160664.0,3840.0,108.0,16.0
557,2017.0,70.0,7198.0,160664.0,4045.0,109.0,33.0
558,2018.0,70.0,6945.0,160664.0,3874.0,115.0,30.0
559,2006.0,71.0,7390.0,98429.0,4950.0,,
560,2007.0,71.0,7351.0,98429.0,5700.0,,
561,2008.0,71.0,7106.0,98429.0,4916.0,4817.0,213.0
562,2009.0,71.0,7063.0,98429.0,5246.0,6865.0,281.0
563,2010.0,71.0,7500.0,98429.0,5827.0,7212.0,268.0
564,2011.0,71.0,7397.0,98429.0,5724.0,6014.0,527.0
565,2012.0,71.0,7139.0,98429.0,5012.0,4676.0,354.0
566,2013.0,71.0,6948.0,98429.0,4921.0,2860.0,253.0
567,2014.0,71.0,7053.0,98429.0,5075.0,546.0,51.0
568,2015.0,71.0,6969.0,98429.0,4733.0,252.0,32.0
569,2016.0,71.0,6824.0,98429.0,4316.0,192.0,36.0
570,2017.0,71.0,6280.0,98429.0,3799.0,200.0,31.0
571,2018.0,71.0,6046.0,98429.0,3072.0,179.0,22.0
572,2006.0,72.0,5983.0,126230.0,4271.0,,
573,2007.0,72.0,5580.0,126230.0,4419.0,,
574,2008.0,72.0,5765.0,126230.0,4036.0,3743.0,201.0
575,2009.0,72.0,5251.0,126230.0,3778.0,3999.0,312.0
576,2010.0,72.0,5518.0,126230.0,3998.0,4390.0,337.0
577,2011.0,72.0,5279.0,126230.0,3631.0,6977.0,222.0
578,2012.0,72.0,5483.0,126230.0,3555.0,5199.0,230.0
579,2013.0,72.0,5417.0,126230.0,3550.0,2265.0,158.0
580,2014.0,72.0,5298.0,126230.0,3589.0,195.0,13.0
581,2015.0,72.0,5290.0,126230.0,3143.0,149.0,20.0
582,2016.0,72.0,5152.0,126230.0,3260.0,124.0,45.0
583,2017.0,72.0,5260.0,126230.0,3748.0,150.0,60.0
584,2018.0,72.0,5232.0,126230.0,3286.0,193.0,41.0
585,2006.0,73.0,9768.0,86468.0,9081.0,,
586,2007.0,73.0,10118.0,86468.0,10965.0,,
587,2008.0,73.0,10501.0,86468.0,11292.0,22960.0,566.0
588,2009.0,73.0,11329.0,86468.0,12552.0,26710.0,597.0
589,2010.0,73.0,11228.0,86468.0,13109.0,19539.0,720.0
590,2011.0,73.0,11638.0,86468.0,14326.0,25167.0,1147.0
591,2012.0,73.0,11807.0,86468.0,12752.0,22148.0,513.0
592,2013.0,73.0,10466.0,86468.0,11018.0,8001.0,314.0
593,2014.0,73.0,9937.0,86468.0,10494.0,866.0,122.0
594,2015.0,73.0,9762.0,86468.0,8960.0,285.0,47.0
595,2016.0,73.0,9278.0,86468.0,7858.0,186.0,35.0
596,2017.0,73.0,8834.0,86468.0,6204.0,241.0,68.0
597,2018.0,73.0,9511.0,86468.0,5482.0,283.0,68.0
598,2006.0,75.0,15053.0,183328.0,12204.0,,
599,2007.0,75.0,15741.0,183328.0,13086.0,,
600,2008.0,75.0,15687.0,183328.0,13673.0,27771.0,684.0
601,2009.0,75.0,16894.0,183328.0,15425.0,31660.0,890.0
602,2010.0,75.0,16749.0,183328.0,15505.0,26938.0,1083.0
603,2011.0,75.0,16978.0,183328.0,15748.0,31100.0,1105.0
604,2012.0,75.0,17256.0,183328.0,15232.0,24408.0,612.0
605,2013.0,75.0,17038.0,183328.0,14713.0,6928.0,351.0
606,2014.0,75.0,17532.0,183328.0,13781.0,917.0,183.0
607,2015.0,75.0,16138.0,183328.0,11830.0,543.0,78.0
608,2016.0,75.0,15067.0,183328.0,10194.0,330.0,27.0
609,2017.0,75.0,15055.0,183328.0,8144.0,102.0,16.0
610,2018.0,75.0,14791.0,183328.0,6694.0,432.0,85.0
611,2006.0,76.0,3272.0,43694.0,2632.0,,
612,2007.0,76.0,3098.0,43694.0,2324.0,,
613,2008.0,76.0,2928.0,43694.0,2200.0,5546.0,256.0
614,2009.0,76.0,2796.0,43694.0,2136.0,5421.0,324.0
615,2010.0,76.0,2916.0,43694.0,2076.0,5502.0,300.0
616,2011.0,76.0,2852.0,43694.0,1838.0,4659.0,248.0
617,2012.0,76.0,3079.0,43694.0,2227.0,4480.0,284.0
618,2013.0,76.0,2702.0,43694.0,1839.0,2434.0,133.0
619,2014.0,76.0,2654.0,43694.0,1763.0,428.0,34.0
620,2015.0,76.0,2534.0,43694.0,1630.0,170.0,26.0
621,2016.0,76.0,2628.0,43694.0,2298.0,131.0,53.0
622,2017.0,76.0,2586.0,43694.0,2404.0,89.0,43.0
623,2018.0,76.0,2650.0,43694.0,2080.0,94.0,27.0
624,2006.0,77.0,7541.0,96309.0,6093.0,,
625,2007.0,77.0,8293.0,96309.0,6414.0,,
626,2008.0,77.0,7770.0,96309.0,6539.0,8321.0,701.0
627,2009.0,77.0,7442.0,96309.0,6626.0,10375.0,719.0
628,2010.0,77.0,7699.0,96309.0,7077.0,11045.0,539.0
629,2011.0,77.0,8105.0,96309.0,6957.0,11405.0,492.0
630,2012.0,77.0,7907.0,96309.0,6232.0,9934.0,371.0
631,2013.0,77.0,7755.0,96309.0,6243.0,3442.0,193.0
632,2014.0,77.0,7437.0,96309.0,5725.0,373.0,56.0
633,2015.0,77.0,6513.0,96309.0,4387.0,143.0,18.0
634,2016.0,77.0,6310.0,96309.0,4351.0,130.0,23.0
635,2017.0,77.0,6157.0,96309.0,4310.0,203.0,41.0
636,2018.0,77.0,6203.0,96309.0,3650.0,143.0,33.0
637,2006.0,78.0,3456.0,61099.0,2033.0,,
638,2007.0,78.0,3377.0,61099.0,1675.0,,
639,2008.0,78.0,3346.0,61099.0,1674.0,2213.0,64.0
640,2009.0,78.0,2935.0,61099.0,1659.0,2432.0,71.0
641,2010.0,78.0,3127.0,61099.0,1470.0,3038.0,92.0
642,2011.0,78.0,3052.0,61099.0,1494.0,3555.0,167.0
643,2012.0,78.0,3546.0,61099.0,1803.0,3281.0,99.0
644,2013.0,78.0,3952.0,61099.0,2302.0,1746.0,51.0
645,2014.0,78.0,3977.0,61099.0,2244.0,167.0,9.0
646,2015.0,78.0,3869.0,61099.0,2420.0,83.0,7.0
647,2016.0,78.0,4138.0,61099.0,2378.0,96.0,18.0
648,2017.0,78.0,3889.0,61099.0,2212.0,81.0,17.0
649,2018.0,78.0,4037.0,61099.0,1783.0,109.0,48.0
650,2006.0,79.0,8398.0,90263.0,6943.0,,
651,2007.0,79.0,8833.0,90263.0,8247.0,,
652,2008.0,79.0,8810.0,90263.0,7483.0,18609.0,952.0
653,2009.0,79.0,7977.0,90263.0,9467.0,20726.0,1096.0
654,2010.0,79.0,8481.0,90263.0,8386.0,15304.0,768.0
655,2011.0,79.0,8147.0,90263.0,7767.0,14495.0,551.0
656,2012.0,79.0,8350.0,90263.0,7795.0,15294.0,489.0
657,2013.0,79.0,8113.0,90263.0,7802.0,5481.0,339.0
658,2014.0,79.0,7515.0,90263.0,6573.0,1452.0,204.0
659,2015.0,79.0,6768.0,90263.0,5087.0,582.0,60.0
660,2016.0,79.0,6950.0,90263.0,4527.0,238.0,30.0
661,2017.0,79.0,7021.0,90263.0,4120.0,237.0,57.0
662,2018.0,79.0,7510.0,90263.0,3828.0,230.0,47.0
663,2006.0,81.0,6017.0,62722.0,4026.0,,
664,2007.0,81.0,6369.0,62722.0,4840.0,,
665,2008.0,81.0,6529.0,62722.0,5028.0,9687.0,472.0
666,2009.0,81.0,6702.0,62722.0,5643.0,9101.0,582.0
667,2010.0,81.0,7195.0,62722.0,6241.0,11155.0,553.0
668,2011.0,81.0,6541.0,62722.0,5918.0,13651.0,460.0
669,2012.0,81.0,6838.0,62722.0,5775.0,9709.0,376.0
670,2013.0,81.0,6683.0,62722.0,5339.0,2124.0,165.0
671,2014.0,81.0,6396.0,62722.0,4827.0,266.0,58.0
672,2015.0,81.0,5675.0,62722.0,3940.0,119.0,8.0
673,2016.0,81.0,5332.0,62722.0,3747.0,129.0,20.0
674,2017.0,81.0,5057.0,62722.0,2948.0,132.0,29.0
675,2018.0,81.0,5017.0,62722.0,2157.0,123.0,32.0
676,2006.0,83.0,7464.0,112634.0,6896.0,,
677,2007.0,83.0,7110.0,112634.0,7147.0,,
678,2008.0,83.0,7168.0,112634.0,7116.0,9296.0,566.0
679,2009.0,83.0,6664.0,112634.0,7067.0,9436.0,568.0
680,2010.0,83.0,6679.0,112634.0,6924.0,9575.0,685.0
681,2011.0,83.0,6772.0,112634.0,7737.0,15021.0,773.0
682,2012.0,83.0,7171.0,112634.0,7213.0,11811.0,574.0
683,2013.0,83.0,7038.0,112634.0,6398.0,3695.0,248.0
684,2014.0,83.0,6644.0,112634.0,5528.0,554.0,97.0
685,2015.0,83.0,6236.0,112634.0,4331.0,241.0,64.0
686,2016.0,83.0,6442.0,112634.0,3736.0,111.0,27.0
687,2017.0,83.0,6538.0,112634.0,3492.0,128.0,23.0
688,2018.0,83.0,6590.0,112634.0,3053.0,146.0,44.0
689,2006.0,84.0,5103.0,48196.0,4110.0,,
690,2007.0,84.0,5403.0,48196.0,4174.0,,
691,2008.0,84.0,5255.0,48196.0,4340.0,3509.0,281.0
692,2009.0,84.0,5001.0,48196.0,4779.0,4010.0,281.0
693,2010.0,84.0,5386.0,48196.0,4999.0,4360.0,367.0
694,2011.0,84.0,5257.0,48196.0,5220.0,5214.0,298.0
695,2012.0,84.0,5087.0,48196.0,4428.0,3830.0,205.0
696,2013.0,84.0,5047.0,48196.0,4298.0,2221.0,135.0
697,2014.0,84.0,4928.0,48196.0,4489.0,1065.0,76.0
698,2015.0,84.0,4966.0,48196.0,4351.0,271.0,33.0
699,2016.0,84.0,5249.0,48196.0,4331.0,209.0,32.0
700,2017.0,84.0,5407.0,48196.0,4304.0,165.0,55.0
701,2018.0,84.0,5361.0,48196.0,3607.0,133.0,45.0
702,2006.0,88.0,4939.0,51421.0,2891.0,,
703,2007.0,88.0,5039.0,51421.0,3145.0,,
704,2008.0,88.0,4815.0,51421.0,2767.0,6280.0,402.0
705,2009.0,88.0,4221.0,51421.0,3008.0,7156.0,390.0
706,2010.0,88.0,4683.0,51421.0,3120.0,7487.0,488.0
707,2011.0,88.0,4929.0,51421.0,3092.0,7734.0,570.0
708,2012.0,88.0,5147.0,51421.0,3399.0,5948.0,430.0
709,2013.0,88.0,4254.0,51421.0,2686.0,1667.0,89.0
710,2014.0,88.0,4340.0,51421.0,2721.0,346.0,44.0
711,2015.0,88.0,3781.0,51421.0,2316.0,104.0,23.0
712,2016.0,88.0,3835.0,51421.0,2528.0,64.0,9.0
713,2017.0,88.0,3664.0,51421.0,1858.0,82.0,15.0
714,2018.0,88.0,3700.0,51421.0,1415.0,109.0,43.0
715,2006.0,90.0,6651.0,116836.0,4005.0,,
716,2007.0,90.0,6238.0,116836.0,3692.0,,
717,2008.0,90.0,6776.0,116836.0,4253.0,11249.0,471.0
718,2009.0,90.0,6245.0,116836.0,4106.0,10398.0,484.0
719,2010.0,90.0,6535.0,116836.0,4045.0,10393.0,682.0
720,2011.0,90.0,6693.0,116836.0,4686.0,17566.0,552.0
721,2012.0,90.0,6574.0,116836.0,4144.0,9846.0,475.0
722,2013.0,90.0,6678.0,116836.0,4573.0,2251.0,147.0
723,2014.0,90.0,6579.0,116836.0,3887.0,605.0,93.0
724,2015.0,90.0,6630.0,116836.0,3608.0,292.0,29.0
725,2016.0,90.0,6474.0,116836.0,3444.0,247.0,46.0
726,2017.0,90.0,6691.0,116836.0,3271.0,150.0,42.0
727,2018.0,90.0,6426.0,116836.0,2539.0,152.0,29.0
728,2006.0,94.0,3171.0,56247.0,1476.0,,
729,2007.0,94.0,3106.0,56247.0,1395.0,,
730,2008.0,94.0,3193.0,56247.0,1411.0,2370.0,102.0
731,2009.0,94.0,3084.0,56247.0,1637.0,1546.0,145.0
732,2010.0,94.0,3126.0,56247.0,1876.0,1913.0,129.0
733,2011.0,94.0,3219.0,56247.0,1637.0,2023.0,137.0
734,2012.0,94.0,3537.0,56247.0,1816.0,2092.0,146.0
735,2013.0,94.0,3591.0,56247.0,2023.0,486.0,54.0
736,2014.0,94.0,3773.0,56247.0,1756.0,134.0,20.0
737,2015.0,94.0,3658.0,56247.0,1413.0,77.0,11.0
738,2016.0,94.0,3719.0,56247.0,1453.0,73.0,9.0
739,2017.0,94.0,3740.0,56247.0,1676.0,95.0,33.0
740,2018.0,94.0,3788.0,56247.0,1365.0,69.0,14.0
741,2006.0,100.0,2530.0,47913.0,1621.0,,
742,2007.0,100.0,2480.0,47913.0,1756.0,,
743,2008.0,100.0,2561.0,47913.0,1904.0,2853.0,241.0
744,2009.0,100.0,2669.0,47913.0,2062.0,3020.0,301.0
745,2010.0,100.0,2546.0,47913.0,2100.0,3468.0,335.0
746,2011.0,100.0,2472.0,47913.0,2072.0,5112.0,360.0
747,2012.0,100.0,2603.0,47913.0,1875.0,4130.0,234.0
748,2013.0,100.0,2418.0,47913.0,1859.0,1736.0,103.0
749,2014.0,100.0,2871.0,47913.0,2358.0,200.0,29.0
750,2015.0,100.0,2664.0,47913.0,2110.0,158.0,17.0
751,2016.0,100.0,2906.0,47913.0,2073.0,83.0,17.0
752,2017.0,100.0,2743.0,47913.0,1856.0,99.0,36.0
753,2018.0,100.0,2435.0,47913.0,1552.0,106.0,36.0
754,2006.0,101.0,4231.0,67065.0,3419.0,,
755,2007.0,101.0,4271.0,67065.0,3679.0,,
756,2008.0,101.0,4081.0,67065.0,3877.0,7788.0,610.0
757,2009.0,101.0,3807.0,67065.0,3758.0,9159.0,794.0
758,2010.0,101.0,3677.0,67065.0,3872.0,10007.0,795.0
759,2011.0,101.0,3631.0,67065.0,3568.0,11576.0,532.0
760,2012.0,101.0,4053.0,67065.0,3342.0,9770.0,404.0
761,2013.0,101.0,4356.0,67065.0,3394.0,6528.0,234.0
762,2014.0,101.0,4470.0,67065.0,4254.0,1486.0,76.0
763,2015.0,101.0,4466.0,67065.0,3180.0,175.0,30.0
764,2016.0,101.0,4655.0,67065.0,2895.0,109.0,25.0
765,2017.0,101.0,4372.0,67065.0,2720.0,100.0,16.0
766,2018.0,101.0,4455.0,67065.0,2701.0,63.0,17.0
767,2006.0,102.0,6627.0,144008.0,3839.0,,
768,2007.0,102.0,6862.0,144008.0,4383.0,,
769,2008.0,102.0,7064.0,144008.0,4764.0,7871.0,744.0
770,2009.0,102.0,6635.0,144008.0,4282.0,6694.0,930.0
771,2010.0,102.0,6351.0,144008.0,4384.0,8406.0,884.0
772,2011.0,102.0,6303.0,144008.0,3925.0,9486.0,738.0
773,2012.0,102.0,6302.0,144008.0,3926.0,6849.0,822.0
774,2013.0,102.0,6780.0,144008.0,4502.0,2355.0,323.0
775,2014.0,102.0,6297.0,144008.0,3916.0,1181.0,169.0
776,2015.0,102.0,5919.0,144008.0,3736.0,621.0,63.0
777,2016.0,102.0,5718.0,144008.0,4354.0,104.0,8.0
778,2017.0,102.0,4955.0,144008.0,4228.0,68.0,10.0
779,2018.0,102.0,5104.0,144008.0,3496.0,77.0,19.0
780,2006.0,103.0,7926.0,105803.0,6832.0,,
781,2007.0,103.0,7624.0,105803.0,7159.0,,
782,2008.0,103.0,8041.0,105803.0,7991.0,11706.0,602.0
783,2009.0,103.0,7573.0,105803.0,8219.0,11157.0,820.0
784,2010.0,103.0,7762.0,105803.0,8610.0,16420.0,1129.0
785,2011.0,103.0,7759.0,105803.0,8422.0,17152.0,1198.0
786,2012.0,103.0,7690.0,105803.0,8607.0,12986.0,1044.0
787,2013.0,103.0,8706.0,105803.0,9763.0,4944.0,382.0
788,2014.0,103.0,8563.0,105803.0,9883.0,325.0,35.0
789,2015.0,103.0,8542.0,105803.0,8979.0,160.0,13.0
790,2016.0,103.0,7411.0,105803.0,6488.0,102.0,23.0
791,2017.0,103.0,6736.0,105803.0,4942.0,159.0,25.0
792,2018.0,103.0,6546.0,105803.0,4132.0,221.0,22.0
793,2006.0,104.0,7697.0,170190.0,3982.0,,
794,2007.0,104.0,7146.0,170190.0,3545.0,,
795,2008.0,104.0,7382.0,170190.0,3776.0,7279.0,237.0
796,2009.0,104.0,7333.0,170190.0,4337.0,7984.0,389.0
797,2010.0,104.0,7944.0,170190.0,5059.0,7591.0,332.0
798,2011.0,104.0,8985.0,170190.0,4818.0,6874.0,559.0
799,2012.0,104.0,8433.0,170190.0,4561.0,4893.0,440.0
800,2013.0,104.0,7221.0,170190.0,4421.0,1480.0,193.0
801,2014.0,104.0,6965.0,170190.0,4382.0,497.0,122.0
802,2015.0,104.0,5911.0,170190.0,3543.0,131.0,32.0
803,2016.0,104.0,6036.0,170190.0,2998.0,43.0,3.0
804,2017.0,104.0,6164.0,170190.0,2993.0,106.0,32.0
805,2018.0,104.0,5784.0,170190.0,2624.0,64.0,5.0
806,2006.0,105.0,8025.0,188582.0,4984.0,,
807,2007.0,105.0,7767.0,188582.0,4486.0,,
808,2008.0,105.0,7543.0,188582.0,3931.0,5919.0,474.0
809,2009.0,105.0,7418.0,188582.0,4548.0,7953.0,854.0
810,2010.0,105.0,6949.0,188582.0,4602.0,9747.0,842.0
811,2011.0,105.0,7104.0,188582.0,4595.0,9791.0,1011.0
812,2012.0,105.0,7097.0,188582.0,4486.0,8198.0,871.0
813,2013.0,105.0,7248.0,188582.0,5080.0,5163.0,306.0
814,2014.0,105.0,7136.0,188582.0,4951.0,1708.0,184.0
815,2015.0,105.0,7527.0,188582.0,3937.0,511.0,106.0
816,2016.0,105.0,7238.0,188582.0,3799.0,223.0,66.0
817,2017.0,105.0,6941.0,188582.0,3899.0,162.0,35.0
818,2018.0,105.0,7101.0,188582.0,3195.0,132.0,25.0
819,2006.0,106.0,6707.0,122441.0,3322.0,,
820,2007.0,106.0,7028.0,122441.0,3949.0,,
821,2008.0,106.0,6148.0,122441.0,3441.0,6465.0,400.0
822,2009.0,106.0,5870.0,122441.0,3701.0,7812.0,411.0
823,2010.0,106.0,5663.0,122441.0,3767.0,8446.0,459.0
824,2011.0,106.0,5627.0,122441.0,3728.0,8643.0,265.0
825,2012.0,106.0,6177.0,122441.0,3952.0,5019.0,304.0
826,2013.0,106.0,6124.0,122441.0,4403.0,2831.0,162.0
827,2014.0,106.0,6166.0,122441.0,3774.0,2228.0,145.0
828,2015.0,106.0,5873.0,122441.0,3421.0,1481.0,126.0
829,2016.0,106.0,5873.0,122441.0,3354.0,1264.0,136.0
830,2017.0,106.0,5783.0,122441.0,2910.0,211.0,36.0
831,2018.0,106.0,5918.0,122441.0,2777.0,70.0,21.0
832,2006.0,107.0,6507.0,151107.0,3383.0,,
833,2007.0,107.0,6055.0,151107.0,3010.0,,
834,2008.0,107.0,5950.0,151107.0,3098.0,5989.0,218.0
835,2009.0,107.0,5670.0,151107.0,3462.0,6267.0,246.0
836,2010.0,107.0,5463.0,151107.0,3419.0,6723.0,337.0
837,2011.0,107.0,4972.0,151107.0,3101.0,5583.0,365.0
838,2012.0,107.0,4790.0,151107.0,3115.0,4442.0,321.0
839,2013.0,107.0,5036.0,151107.0,3309.0,1909.0,169.0
840,2014.0,107.0,4635.0,151107.0,3228.0,1366.0,139.0
841,2015.0,107.0,4585.0,151107.0,2826.0,570.0,41.0
842,2016.0,107.0,4552.0,151107.0,2685.0,40.0,4.0
843,2017.0,107.0,4765.0,151107.0,3142.0,65.0,10.0
844,2018.0,107.0,4283.0,151107.0,2309.0,103.0,32.0
845,2006.0,108.0,5707.0,113200.0,3254.0,,
846,2007.0,108.0,5726.0,113200.0,3467.0,,
847,2008.0,108.0,5669.0,113200.0,2997.0,6237.0,378.0
848,2009.0,108.0,5327.0,113200.0,2696.0,6920.0,376.0
849,2010.0,108.0,5595.0,113200.0,2955.0,6743.0,460.0
850,2011.0,108.0,5364.0,113200.0,2872.0,5860.0,420.0
851,2012.0,108.0,4993.0,113200.0,2264.0,4096.0,211.0
852,2013.0,108.0,5603.0,113200.0,2970.0,830.0,36.0
853,2014.0,108.0,5244.0,113200.0,2800.0,166.0,12.0
854,2015.0,108.0,4770.0,113200.0,2401.0,92.0,5.0
855,2016.0,108.0,4512.0,113200.0,2042.0,53.0,9.0
856,2017.0,108.0,4804.0,113200.0,2191.0,75.0,22.0
857,2018.0,108.0,4679.0,113200.0,1929.0,77.0,24.0
858,2006.0,109.0,8387.0,247354.0,5182.0,,
859,2007.0,109.0,8530.0,247354.0,4816.0,,
860,2008.0,109.0,8217.0,247354.0,4665.0,8242.0,350.0
861,2009.0,109.0,8415.0,247354.0,4845.0,10174.0,385.0
862,2010.0,109.0,7757.0,247354.0,4961.0,10200.0,362.0
863,2011.0,109.0,7766.0,247354.0,5652.0,12864.0,848.0
864,2012.0,109.0,7619.0,247354.0,5313.0,9682.0,746.0
865,2013.0,109.0,7820.0,247354.0,5326.0,3729.0,344.0
866,2014.0,109.0,7898.0,247354.0,5038.0,871.0,107.0
867,2015.0,109.0,7663.0,247354.0,4474.0,221.0,46.0
868,2016.0,109.0,8119.0,247354.0,4249.0,250.0,40.0
869,2017.0,109.0,8285.0,247354.0,4062.0,162.0,19.0
870,2018.0,109.0,8503.0,247354.0,3984.0,97.0,23.0
871,2006.0,110.0,7122.0,172634.0,6378.0,,
872,2007.0,110.0,7207.0,172634.0,6866.0,,
873,2008.0,110.0,7006.0,172634.0,6536.0,9881.0,352.0
874,2009.0,110.0,6369.0,172634.0,6389.0,11652.0,556.0
875,2010.0,110.0,6689.0,172634.0,6618.0,14368.0,659.0
876,2011.0,110.0,6399.0,172634.0,6076.0,10795.0,677.0
877,2012.0,110.0,6766.0,172634.0,5675.0,9090.0,597.0
878,2013.0,110.0,7157.0,172634.0,5865.0,2737.0,367.0
879,2014.0,110.0,7056.0,172634.0,5664.0,239.0,52.0
880,2015.0,110.0,6629.0,172634.0,5467.0,192.0,67.0
881,2016.0,110.0,6574.0,172634.0,4457.0,121.0,60.0
882,2017.0,110.0,6214.0,172634.0,3721.0,139.0,70.0
883,2018.0,110.0,6671.0,172634.0,3656.0,139.0,72.0
884,2006.0,111.0,3998.0,116431.0,1955.0,,
885,2007.0,111.0,3893.0,116431.0,1844.0,,
886,2008.0,111.0,3511.0,116431.0,1857.0,4200.0,253.0
887,2009.0,111.0,3498.0,116431.0,1904.0,4942.0,231.0
888,2010.0,111.0,3206.0,116431.0,2006.0,4705.0,281.0
889,2011.0,111.0,3097.0,116431.0,1805.0,4680.0,255.0
890,2012.0,111.0,3051.0,116431.0,1671.0,3752.0,180.0
891,2013.0,111.0,3157.0,116431.0,1673.0,1662.0,86.0
892,2014.0,111.0,2832.0,116431.0,1432.0,524.0,37.0
893,2015.0,111.0,2754.0,116431.0,1472.0,199.0,25.0
894,2016.0,111.0,2937.0,116431.0,1572.0,127.0,33.0
895,2017.0,111.0,2620.0,116431.0,1402.0,75.0,29.0
896,2018.0,111.0,2433.0,116431.0,1055.0,101.0,27.0
897,2006.0,112.0,4183.0,112277.0,2495.0,,
898,2007.0,112.0,4188.0,112277.0,2427.0,,
899,2008.0,112.0,3700.0,112277.0,2344.0,2764.0,182.0
900,2009.0,112.0,3324.0,112277.0,2672.0,3232.0,314.0
901,2010.0,112.0,3510.0,112277.0,2666.0,3195.0,291.0
902,2011.0,112.0,3595.0,112277.0,2551.0,3407.0,285.0
903,2012.0,112.0,3704.0,112277.0,2647.0,2799.0,224.0
904,2013.0,112.0,3643.0,112277.0,2688.0,2051.0,126.0
905,2014.0,112.0,3629.0,112277.0,2604.0,650.0,42.0
906,2015.0,112.0,3330.0,112277.0,2234.0,175.0,8.0
907,2016.0,112.0,3163.0,112277.0,1909.0,70.0,11.0
908,2017.0,112.0,3204.0,112277.0,1537.0,57.0,15.0
909,2018.0,112.0,3185.0,112277.0,1628.0,76.0,35.0
910,2006.0,113.0,8186.0,120132.0,5564.0,,
911,2007.0,113.0,8813.0,120132.0,6332.0,,
912,2008.0,113.0,9210.0,120132.0,6379.0,8341.0,528.0
913,2009.0,113.0,8830.0,120132.0,7603.0,11045.0,588.0
914,2010.0,113.0,8993.0,120132.0,7257.0,9154.0,619.0
915,2011.0,113.0,8978.0,120132.0,7164.0,12359.0,595.0
916,2012.0,113.0,9128.0,120132.0,7612.0,8736.0,578.0
917,2013.0,113.0,8795.0,120132.0,8041.0,3263.0,154.0
918,2014.0,113.0,8631.0,120132.0,8640.0,676.0,57.0
919,2015.0,113.0,8092.0,120132.0,7027.0,163.0,13.0
920,2016.0,113.0,8035.0,120132.0,6750.0,113.0,18.0
921,2017.0,113.0,7303.0,120132.0,6071.0,116.0,20.0
922,2018.0,113.0,7236.0,120132.0,6251.0,102.0,17.0
923,2006.0,114.0,9676.0,202766.0,6615.0,,
924,2007.0,114.0,10037.0,202766.0,7560.0,,
925,2008.0,114.0,9005.0,202766.0,6215.0,11944.0,870.0
926,2009.0,114.0,8535.0,202766.0,6171.0,10944.0,623.0
927,2010.0,114.0,8704.0,202766.0,5837.0,10887.0,670.0
928,2011.0,114.0,8701.0,202766.0,5565.0,10343.0,740.0
929,2012.0,114.0,9137.0,202766.0,5431.0,8464.0,562.0
930,2013.0,114.0,9208.0,202766.0,5772.0,3160.0,288.0
931,2014.0,114.0,9519.0,202766.0,5938.0,1018.0,129.0
932,2015.0,114.0,8857.0,202766.0,5265.0,738.0,75.0
933,2016.0,114.0,9105.0,202766.0,5758.0,382.0,62.0
934,2017.0,114.0,8652.0,202766.0,5264.0,350.0,111.0
935,2018.0,114.0,8342.0,202766.0,4281.0,254.0,125.0
936,2006.0,115.0,8081.0,171576.0,7494.0,,
937,2007.0,115.0,8424.0,171576.0,8147.0,,
938,2008.0,115.0,8235.0,171576.0,8415.0,9742.0,322.0
939,2009.0,115.0,8173.0,171576.0,9443.0,12923.0,422.0
940,2010.0,115.0,8371.0,171576.0,8340.0,14023.0,507.0
941,2011.0,115.0,8109.0,171576.0,7351.0,18156.0,671.0
942,2012.0,115.0,7587.0,171576.0,6620.0,8068.0,464.0
943,2013.0,115.0,8217.0,171576.0,6913.0,1187.0,247.0
944,2014.0,115.0,8517.0,171576.0,7072.0,205.0,29.0
945,2015.0,115.0,7478.0,171576.0,5720.0,132.0,20.0
946,2016.0,115.0,7805.0,171576.0,5029.0,136.0,48.0
947,2017.0,115.0,8201.0,171576.0,4839.0,135.0,39.0
948,2018.0,115.0,7867.0,171576.0,4370.0,166.0,54.0
949,2006.0,120.0,12562.0,175876.0,7326.0,,
950,2007.0,120.0,12102.0,175876.0,7645.0,,
951,2008.0,120.0,12276.0,175876.0,9176.0,17554.0,1066.0
952,2009.0,120.0,11773.0,175876.0,8676.0,20798.0,922.0
953,2010.0,120.0,12095.0,175876.0,8797.0,18529.0,1107.0
954,2011.0,120.0,11705.0,175876.0,8601.0,16490.0,1269.0
955,2012.0,120.0,11918.0,175876.0,7850.0,12368.0,854.0
956,2013.0,120.0,9585.0,175876.0,5989.0,4536.0,303.0
957,2014.0,120.0,7662.0,175876.0,4554.0,1934.0,97.0
958,2015.0,120.0,7627.0,175876.0,3966.0,557.0,38.0
959,2016.0,120.0,7770.0,175876.0,4851.0,219.0,36.0
960,2017.0,120.0,7570.0,175876.0,4742.0,200.0,67.0
961,2018.0,120.0,7637.0,175876.0,4587.0,122.0,44.0
962,2006.0,122.0,10424.0,194822.0,3920.0,,
963,2007.0,122.0,10241.0,194822.0,3643.0,,
964,2008.0,122.0,10504.0,194822.0,4395.0,10754.0,248.0
965,2009.0,122.0,9013.0,194822.0,3766.0,6301.0,159.0
966,2010.0,122.0,8597.0,194822.0,3974.0,6601.0,188.0
967,2011.0,122.0,8314.0,194822.0,3940.0,9535.0,343.0
968,2012.0,122.0,8545.0,194822.0,3805.0,6420.0,232.0
969,2013.0,122.0,6711.0,194822.0,3047.0,2239.0,94.0
970,2014.0,122.0,5236.0,194822.0,2294.0,925.0,28.0
971,2015.0,122.0,5019.0,194822.0,1941.0,387.0,24.0
972,2016.0,122.0,5004.0,194822.0,2176.0,249.0,57.0
973,2017.0,122.0,4900.0,194822.0,1996.0,164.0,70.0
974,2018.0,122.0,4729.0,194822.0,2004.0,66.0,34.0
975,2006.0,123.0,4034.0,98032.0,1160.0,,
976,2007.0,123.0,3836.0,98032.0,1123.0,,
977,2008.0,123.0,4014.0,98032.0,1433.0,4083.0,150.0
978,2009.0,123.0,3536.0,98032.0,1531.0,2556.0,114.0
979,2010.0,123.0,3497.0,98032.0,1490.0,2358.0,118.0
980,2011.0,123.0,3422.0,98032.0,1484.0,2027.0,105.0
981,2012.0,123.0,3156.0,98032.0,1364.0,1940.0,91.0
982,2013.0,123.0,2876.0,98032.0,1478.0,1034.0,69.0
983,2014.0,123.0,2859.0,98032.0,1555.0,321.0,70.0
984,2015.0,123.0,2732.0,98032.0,1439.0,127.0,30.0
985,2016.0,123.0,2648.0,98032.0,1568.0,90.0,32.0
986,2017.0,123.0,2549.0,98032.0,1602.0,62.0,23.0
987,2018.0,123.0,2535.0,98032.0,1224.0,36.0,4.0
988,2013.0,121.0,3563.0,,2207.0,823.0,54.0
989,2014.0,121.0,7103.0,,4874.0,1817.0,66.0
990,2015.0,121.0,6767.0,,3772.0,725.0,39.0
991,2016.0,121.0,6430.0,,3749.0,95.0,16.0
992,2017.0,121.0,6290.0,,3038.0,120.0,33.0
993,2018.0,121.0,5957.0,,2609.0,116.0,40.0
