year,pct,stops,stop_arrests,arrests,crimes,Latitude,Longitude,population
2006,1,1967,46,4024,6279,40.71257748983047,-74.00930744818399,66679
2007,1,1887,117,4797,6762,40.71257748983047,-74.00930744818399,66679
2008,1,2506,221,5008,6614,40.71257748983047,-74.00930744818399,66679
2009,1,2585,238,5371,6280,40.71257748983047,-74.00930744818399,66679
2010,1,2446,260,4950,5895,40.71257748983047,-74.00930744818399,66679
2011,1,3626,215,5583,5955,40.71257748983047,-74.00930744818399,66679
2012,1,3053,189,5479,6287,40.71257748983047,-74.00930744818399,66679
2013,1,1159,93,4778,6055,40.71257748983047,-74.00930744818399,66679
2014,1,88,11,4676,5636,40.71257748983047,-74.00930744818399,66679
2015,1,45,4,4119,5655,40.71257748983047,-74.00930744818399,66679
2016,1,60,7,3787,6296,40.71257748983047,-74.00930744818399,66679
2017,1,47,6,3074,6091,40.71257748983047,-74.00930744818399,66679
2018,1,99,26,2792,6889,40.71257748983047,-74.00930744818399,66679
2006,5,3378,309,5110,4177,40.71588182613064,-73.9978855522613,52568
2007,5,2834,258,5069,4430,40.71588182613064,-73.9978855522613,52568
2008,5,3132,286,5333,4614,40.71588182613064,-73.9978855522613,52568
2009,5,2880,234,5635,4512,40.71588182613064,-73.9978855522613,52568
2010,5,2871,340,6039,4930,40.71588182613064,-73.9978855522613,52568
2011,5,3118,372,5791,4472,40.71588182613064,-73.9978855522613,52568
2012,5,2782,304,5960,4642,40.71588182613064,-73.9978855522613,52568
2013,5,1116,122,6121,4449,40.71588182613064,-73.9978855522613,52568
2014,5,275,60,6046,4225,40.71588182613064,-73.9978855522613,52568
2015,5,187,27,5423,4341,40.71588182613064,-73.9978855522613,52568
2016,5,95,24,5423,4422,40.71588182613064,-73.9978855522613,52568
2017,5,108,51,5164,4310,40.71588182613064,-73.9978855522613,52568
2018,5,87,22,4570,4299,40.71588182613064,-73.9978855522613,52568
2006,6,2597,139,3862,5644,40.73369032087382,-74.0028751907767,62226
2007,6,3109,193,4568,5977,40.73369032087382,-74.0028751907767,62226
2008,6,3311,216,4355,5635,40.73369032087382,-74.0028751907767,62226
2009,6,2325,163,4665,5455,40.73369032087382,-74.0028751907767,62226
2010,6,3533,265,4635,5426,40.73369032087382,-74.0028751907767,62226
2011,6,2954,222,4643,5283,40.73369032087382,-74.0028751907767,62226
2012,6,3637,200,4174,5513,40.73369032087382,-74.0028751907767,62226
2013,6,1273,103,4499,5701,40.73369032087382,-74.0028751907767,62226
2014,6,107,12,4476,5071,40.73369032087382,-74.0028751907767,62226
2015,6,27,3,3799,4993,40.73369032087382,-74.0028751907767,62226
2016,6,37,11,2851,4656,40.73369032087382,-74.0028751907767,62226
2017,6,53,16,3194,5040,40.73369032087382,-74.0028751907767,62226
2018,6,103,61,2722,4952,40.73369032087382,-74.0028751907767,62226
2006,7,4207,459,3088,3859,40.71558922241378,-73.98498879367817,56355
2007,7,4935,598,3596,4404,40.71558922241378,-73.98498879367817,56355
2008,7,4293,414,3116,4500,40.71558922241378,-73.98498879367817,56355
2009,7,3825,365,3455,4146,40.71558922241378,-73.98498879367817,56355
2010,7,3224,418,3620,4122,40.71558922241378,-73.98498879367817,56355
2011,7,4177,494,3917,3907,40.71558922241378,-73.98498879367817,56355
2012,7,3501,382,4124,4163,40.71558922241378,-73.98498879367817,56355
2013,7,1120,207,3818,3815,40.71558922241378,-73.98498879367817,56355
2014,7,333,88,3368,3852,40.71558922241378,-73.98498879367817,56355
2015,7,165,29,3305,4050,40.71558922241378,-73.98498879367817,56355
2016,7,75,21,2871,4372,40.71558922241378,-73.98498879367817,56355
2017,7,110,52,2713,4282,40.71558922241378,-73.98498879367817,56355
2018,7,138,37,2311,4031,40.71558922241378,-73.98498879367817,56355
2006,9,4450,415,4152,6387,40.726152659183676,-73.98415626666659,76443
2007,9,4155,504,4193,6372,40.726152659183676,-73.98415626666659,76443
2008,9,4635,506,4348,6790,40.726152659183676,-73.98415626666659,76443
2009,9,5196,565,4385,6662,40.726152659183676,-73.98415626666659,76443
2010,9,5177,748,4542,6362,40.726152659183676,-73.98415626666659,76443
2011,9,5367,895,4364,6173,40.726152659183676,-73.98415626666659,76443
2012,9,5282,1008,4367,6277,40.726152659183676,-73.98415626666659,76443
2013,9,2315,571,4037,6077,40.726152659183676,-73.98415626666659,76443
2014,9,594,291,3926,5451,40.726152659183676,-73.98415626666659,76443
2015,9,261,94,3862,5521,40.726152659183676,-73.98415626666659,76443
2016,9,106,32,3451,5660,40.726152659183676,-73.98415626666659,76443
2017,9,181,81,2888,5122,40.726152659183676,-73.98415626666659,76443
2018,9,118,38,2310,4996,40.726152659183676,-73.98415626666659,76443
2006,10,3127,257,3770,4986,40.75123186666664,-74.00064778571428,50180
2007,10,3437,264,3221,4577,40.75123186666664,-74.00064778571428,50180
2008,10,4213,333,3711,4917,40.75123186666664,-74.00064778571428,50180
2009,10,2760,289,3492,4204,40.75123186666664,-74.00064778571428,50180
2010,10,2728,343,3134,4116,40.75123186666664,-74.00064778571428,50180
2011,10,3089,309,3072,4151,40.75123186666664,-74.00064778571428,50180
2012,10,2406,277,2895,4278,40.75123186666664,-74.00064778571428,50180
2013,10,1219,194,3634,4403,40.75123186666664,-74.00064778571428,50180
2014,10,147,45,3107,3929,40.75123186666664,-74.00064778571428,50180
2015,10,112,9,3091,3786,40.75123186666664,-74.00064778571428,50180
2016,10,79,17,2909,3907,40.75123186666664,-74.00064778571428,50180
2017,10,71,27,2393,3670,40.75123186666664,-74.00064778571428,50180
2018,10,83,32,1954,3975,40.75123186666664,-74.00064778571428,50180
2006,13,3307,274,3808,7829,40.73783362385787,-73.9836402761421,93640
2007,13,4250,349,4178,8111,40.73783362385787,-73.9836402761421,93640
2008,13,5201,400,4225,7884,40.73783362385787,-73.9836402761421,93640
2009,13,4594,346,4625,7604,40.73783362385787,-73.9836402761421,93640
2010,13,4047,335,4936,7150,40.73783362385787,-73.9836402761421,93640
2011,13,5252,541,6006,7149,40.73783362385787,-73.9836402761421,93640
2012,13,3830,473,5628,7147,40.73783362385787,-73.9836402761421,93640
2013,13,1555,316,5762,7383,40.73783362385787,-73.9836402761421,93640
2014,13,491,190,5641,6962,40.73783362385787,-73.9836402761421,93640
2015,13,331,119,5937,7115,40.73783362385787,-73.9836402761421,93640
2016,13,108,31,4556,6708,40.73783362385787,-73.9836402761421,93640
2017,13,195,98,3960,6639,40.73783362385787,-73.9836402761421,93640
2018,13,181,74,3202,7329,40.73783362385787,-73.9836402761421,93640
2006,14,9883,430,13828,13367,40.751718219327714,-73.9863890344538,20651
2007,14,9701,547,14519,13109,40.751718219327714,-73.9863890344538,20651
2008,14,11258,652,14080,12370,40.751718219327714,-73.9863890344538,20651
2009,14,10094,608,15004,12309,40.751718219327714,-73.9863890344538,20651
2010,14,12125,862,15359,12196,40.751718219327714,-73.9863890344538,20651
2011,14,10665,700,13682,11442,40.751718219327714,-73.9863890344538,20651
2012,14,8945,480,13328,11425,40.751718219327714,-73.9863890344538,20651
2013,14,3448,215,14377,11521,40.751718219327714,-73.9863890344538,20651
2014,14,557,99,14873,11021,40.751718219327714,-73.9863890344538,20651
2015,14,311,55,12899,10536,40.751718219327714,-73.9863890344538,20651
2016,14,136,24,11172,10287,40.751718219327714,-73.9863890344538,20651
2017,14,102,18,9655,10157,40.751718219327714,-73.9863890344538,20651
2018,14,91,28,8097,10600,40.751718219327714,-73.9863890344538,20651
2006,17,1429,101,1945,3770,40.751094488023966,-73.97100450958081,79126
2007,17,1617,107,2119,3663,40.751094488023966,-73.97100450958081,79126
2008,17,1990,104,1816,3616,40.751094488023966,-73.97100450958081,79126
2009,17,1611,78,1866,3191,40.751094488023966,-73.97100450958081,79126
2010,17,1842,80,1899,3114,40.751094488023966,-73.97100450958081,79126
2011,17,2060,106,1999,3005,40.751094488023966,-73.97100450958081,79126
2012,17,1331,112,2067,3240,40.751094488023966,-73.97100450958081,79126
2013,17,493,61,2092,3150,40.751094488023966,-73.97100450958081,79126
2014,17,153,26,1969,2896,40.751094488023966,-73.97100450958081,79126
2015,17,121,21,1508,2961,40.751094488023966,-73.97100450958081,79126
2016,17,57,8,1542,3290,40.751094488023966,-73.97100450958081,79126
2017,17,43,15,1699,3729,40.751094488023966,-73.97100450958081,79126
2018,17,31,15,1491,3836,40.751094488023966,-73.97100450958081,79126
2006,18,2918,174,4571,7897,40.76256781043956,-73.9837449895604,54066
2007,18,2570,231,4836,7904,40.76256781043956,-73.9837449895604,54066
2008,18,3485,216,4824,7954,40.76256781043956,-73.9837449895604,54066
2009,18,2495,174,5355,7821,40.76256781043956,-73.9837449895604,54066
2010,18,3153,263,5539,7961,40.76256781043956,-73.9837449895604,54066
2011,18,3633,324,5687,7603,40.76256781043956,-73.9837449895604,54066
2012,18,2978,287,5278,7929,40.76256781043956,-73.9837449895604,54066
2013,18,954,118,5619,8014,40.76256781043956,-73.9837449895604,54066
2014,18,141,7,6231,7976,40.76256781043956,-73.9837449895604,54066
2015,18,100,11,5356,7953,40.76256781043956,-73.9837449895604,54066
2016,18,112,16,4782,8243,40.76256781043956,-73.9837449895604,54066
2017,18,57,21,4937,8397,40.76256781043956,-73.9837449895604,54066
2018,18,96,20,3883,8369,40.76256781043956,-73.9837449895604,54066
2006,19,6385,409,3788,8287,40.77260805757576,-73.95680372030293,208259
2007,19,6898,706,3698,7811,40.77260805757576,-73.95680372030293,208259
2008,19,5394,554,3362,7050,40.77260805757576,-73.95680372030293,208259
2009,19,3784,437,3337,6087,40.77260805757576,-73.95680372030293,208259
2010,19,4260,565,3182,6161,40.77260805757576,-73.95680372030293,208259
2011,19,5250,642,3165,6097,40.77260805757576,-73.95680372030293,208259
2012,19,4652,586,3410,6425,40.77260805757576,-73.95680372030293,208259
2013,19,1388,334,3154,6237,40.77260805757576,-73.95680372030293,208259
2014,19,386,134,2954,5875,40.77260805757576,-73.95680372030293,208259
2015,19,250,110,2830,5856,40.77260805757576,-73.95680372030293,208259
2016,19,108,39,2905,6297,40.77260805757576,-73.95680372030293,208259
2017,19,128,37,2860,6537,40.77260805757576,-73.95680372030293,208259
2018,19,217,87,2352,6681,40.77260805757576,-73.95680372030293,208259
2006,20,3584,166,2164,4271,40.77980067260275,-73.98159936164386,102624
2007,20,3359,312,2400,4265,40.77980067260275,-73.98159936164386,102624
2008,20,2838,300,2349,4283,40.77980067260275,-73.98159936164386,102624
2009,20,3041,472,2534,4208,40.77980067260275,-73.98159936164386,102624
2010,20,4533,499,2274,4178,40.77980067260275,-73.98159936164386,102624
2011,20,5237,417,2194,3773,40.77980067260275,-73.98159936164386,102624
2012,20,3266,335,2030,4111,40.77980067260275,-73.98159936164386,102624
2013,20,1340,158,2109,4052,40.77980067260275,-73.98159936164386,102624
2014,20,287,53,2249,3919,40.77980067260275,-73.98159936164386,102624
2015,20,150,28,1876,3832,40.77980067260275,-73.98159936164386,102624
2016,20,38,3,1803,3835,40.77980067260275,-73.98159936164386,102624
2017,20,55,19,1889,4318,40.77980067260275,-73.98159936164386,102624
2018,20,71,38,1622,4114,40.77980067260275,-73.98159936164386,102624
2006,22,731,12,642,358,40.78108059807692,-73.9671262269231,25
2007,22,846,23,679,421,40.78108059807692,-73.9671262269231,25
2008,22,675,33,654,467,40.78108059807692,-73.9671262269231,25
2009,22,591,27,611,391,40.78108059807692,-73.9671262269231,25
2010,22,1246,39,757,495,40.78108059807692,-73.9671262269231,25
2011,22,1416,53,682,499,40.78108059807692,-73.9671262269231,25
2012,22,592,26,586,525,40.78108059807692,-73.9671262269231,25
2013,22,141,16,463,454,40.78108059807692,-73.9671262269231,25
2014,22,83,7,394,395,40.78108059807692,-73.9671262269231,25
2015,22,38,4,419,390,40.78108059807692,-73.9671262269231,25
2016,22,45,1,222,325,40.78108059807692,-73.9671262269231,25
2017,22,25,2,200,289,40.78108059807692,-73.9671262269231,25
2018,22,24,4,137,255,40.78108059807692,-73.9671262269231,25
2006,23,16652,623,6217,6715,40.79120466962963,-73.9448632451852,73106
2007,23,15188,896,6046,7102,40.79120466962963,-73.9448632451852,73106
2008,23,15510,1134,5960,7048,40.79120466962963,-73.9448632451852,73106
2009,23,14501,1442,6349,7047,40.79120466962963,-73.9448632451852,73106
2010,23,17281,1471,6158,6758,40.79120466962963,-73.9448632451852,73106
2011,23,17498,951,6241,6371,40.79120466962963,-73.9448632451852,73106
2012,23,11095,528,5696,6278,40.79120466962963,-73.9448632451852,73106
2013,23,3787,307,5700,6456,40.79120466962963,-73.9448632451852,73106
2014,23,719,221,5502,6288,40.79120466962963,-73.9448632451852,73106
2015,23,340,41,5141,6403,40.79120466962963,-73.9448632451852,73106
2016,23,380,81,4776,6469,40.79120466962963,-73.9448632451852,73106
2017,23,346,115,4216,6207,40.79120466962963,-73.9448632451852,73106
2018,23,347,81,3348,5684,40.79120466962963,-73.9448632451852,73106
2006,24,3714,212,2938,5555,40.79582710569621,-73.97005419810127,106460
2007,24,4713,400,3630,5786,40.79582710569621,-73.97005419810127,106460
2008,24,4147,366,3368,5734,40.79582710569621,-73.97005419810127,106460
2009,24,3077,396,3371,5168,40.79582710569621,-73.97005419810127,106460
2010,24,4005,556,3146,5049,40.79582710569621,-73.97005419810127,106460
2011,24,4918,565,2896,4446,40.79582710569621,-73.97005419810127,106460
2012,24,4218,410,3194,4851,40.79582710569621,-73.97005419810127,106460
2013,24,861,148,2974,4647,40.79582710569621,-73.97005419810127,106460
2014,24,244,63,2843,4509,40.79582710569621,-73.97005419810127,106460
2015,24,173,39,2730,4659,40.79582710569621,-73.97005419810127,106460
2016,24,132,26,2371,4752,40.79582710569621,-73.97005419810127,106460
2017,24,168,50,2185,4913,40.79582710569621,-73.97005419810127,106460
2018,24,184,81,1803,4778,40.79582710569621,-73.97005419810127,106460
2006,25,5350,539,7798,5678,40.8034512380645,-73.93535133419354,47405
2007,25,7915,1041,9057,6642,40.8034512380645,-73.93535133419354,47405
2008,25,8604,1348,8852,6637,40.8034512380645,-73.93535133419354,47405
2009,25,8219,1137,8785,6612,40.8034512380645,-73.93535133419354,47405
2010,25,10696,1343,9960,7026,40.8034512380645,-73.93535133419354,47405
2011,25,9926,835,8940,6295,40.8034512380645,-73.93535133419354,47405
2012,25,6373,658,9392,6899,40.8034512380645,-73.93535133419354,47405
2013,25,2406,359,9822,6838,40.8034512380645,-73.93535133419354,47405
2014,25,762,303,9689,7407,40.8034512380645,-73.93535133419354,47405
2015,25,411,127,7407,7236,40.8034512380645,-73.93535133419354,47405
2016,25,234,55,6656,6590,40.8034512380645,-73.93535133419354,47405
2017,25,191,64,6464,6605,40.8034512380645,-73.93535133419354,47405
2018,25,223,44,5356,6647,40.8034512380645,-73.93535133419354,47405
2006,26,5302,183,2775,3917,40.812569938596454,-73.95939878157897,49508
2007,26,4320,222,2925,3759,40.812569938596454,-73.95939878157897,49508
2008,26,4277,304,3222,3634,40.812569938596454,-73.95939878157897,49508
2009,26,4059,390,3293,3553,40.812569938596454,-73.95939878157897,49508
2010,26,4582,476,3399,3430,40.812569938596454,-73.95939878157897,49508
2011,26,4991,498,3324,3237,40.812569938596454,-73.95939878157897,49508
2012,26,5488,443,3574,3536,40.812569938596454,-73.95939878157897,49508
2013,26,1580,170,3610,3284,40.812569938596454,-73.95939878157897,49508
2014,26,190,66,2689,3017,40.812569938596454,-73.95939878157897,49508
2015,26,97,25,2453,2798,40.812569938596454,-73.95939878157897,49508
2016,26,71,17,2174,2940,40.812569938596454,-73.95939878157897,49508
2017,26,77,32,1971,3032,40.812569938596454,-73.95939878157897,49508
2018,26,97,47,1778,3052,40.812569938596454,-73.95939878157897,49508
2006,28,11920,371,5873,5498,40.8044447401961,-73.95189783431374,44781
2007,28,6410,458,5935,5382,40.8044447401961,-73.95189783431374,44781
2008,28,6369,600,5903,5412,40.8044447401961,-73.95189783431374,44781
2009,28,7413,511,6975,5983,40.8044447401961,-73.95189783431374,44781
2010,28,7657,639,6169,5507,40.8044447401961,-73.95189783431374,44781
2011,28,8738,511,5742,4922,40.8044447401961,-73.95189783431374,44781
2012,28,6707,296,5977,5156,40.8044447401961,-73.95189783431374,44781
2013,28,1492,115,5891,5117,40.8044447401961,-73.95189783431374,44781
2014,28,271,44,5421,4925,40.8044447401961,-73.95189783431374,44781
2015,28,153,16,4245,4956,40.8044447401961,-73.95189783431374,44781
2016,28,113,30,4166,5674,40.8044447401961,-73.95189783431374,44781
2017,28,145,54,3226,5710,40.8044447401961,-73.95189783431374,44781
2018,28,108,25,2320,5239,40.8044447401961,-73.95189783431374,44781
2006,30,5055,114,4495,5191,40.82579768108107,-73.9494728342342,60685
2007,30,7211,325,5477,5370,40.82579768108107,-73.9494728342342,60685
2008,30,3318,295,4674,5113,40.82579768108107,-73.9494728342342,60685
2009,30,7633,500,5523,5510,40.82579768108107,-73.9494728342342,60685
2010,30,4836,481,4498,4962,40.82579768108107,-73.9494728342342,60685
2011,30,7550,706,4514,4736,40.82579768108107,-73.9494728342342,60685
2012,30,6169,621,4506,4968,40.82579768108107,-73.9494728342342,60685
2013,30,2759,298,4799,4899,40.82579768108107,-73.9494728342342,60685
2014,30,319,60,4132,4488,40.82579768108107,-73.9494728342342,60685
2015,30,117,20,3709,4204,40.82579768108107,-73.9494728342342,60685
2016,30,117,19,3254,4381,40.82579768108107,-73.9494728342342,60685
2017,30,87,22,1997,3580,40.82579768108107,-73.9494728342342,60685
2018,30,103,20,1631,3728,40.82579768108107,-73.9494728342342,60685
2006,32,12838,471,6119,7210,40.819649244444435,-73.94133950238098,70942
2007,32,9934,694,6227,7475,40.819649244444435,-73.94133950238098,70942
2008,32,11524,1014,7413,7904,40.819649244444435,-73.94133950238098,70942
2009,32,12127,970,7227,7899,40.819649244444435,-73.94133950238098,70942
2010,32,10725,1075,6830,7342,40.819649244444435,-73.94133950238098,70942
2011,32,12859,1193,6823,7030,40.819649244444435,-73.94133950238098,70942
2012,32,10764,821,6102,6671,40.819649244444435,-73.94133950238098,70942
2013,32,3149,309,5580,6124,40.819649244444435,-73.94133950238098,70942
2014,32,416,128,5315,6235,40.819649244444435,-73.94133950238098,70942
2015,32,337,81,5096,6500,40.819649244444435,-73.94133950238098,70942
2016,32,215,64,5187,6745,40.819649244444435,-73.94133950238098,70942
2017,32,191,83,3859,5970,40.819649244444435,-73.94133950238098,70942
2018,32,140,49,3130,5706,40.819649244444435,-73.94133950238098,70942
2006,33,4469,149,5662,5273,40.84186778786129,-73.94023871618502,77645
2007,33,4769,254,6740,5233,40.84186778786129,-73.94023871618502,77645
2008,33,4525,420,6843,5059,40.84186778786129,-73.94023871618502,77645
2009,33,5829,473,6538,4715,40.84186778786129,-73.94023871618502,77645
2010,33,4358,355,6077,4496,40.84186778786129,-73.94023871618502,77645
2011,33,7041,385,5704,4004,40.84186778786129,-73.94023871618502,77645
2012,33,3620,240,5114,4088,40.84186778786129,-73.94023871618502,77645
2013,33,2215,127,5450,4246,40.84186778786129,-73.94023871618502,77645
2014,33,300,32,4863,3901,40.84186778786129,-73.94023871618502,77645
2015,33,89,9,4175,3930,40.84186778786129,-73.94023871618502,77645
2016,33,65,20,3977,4143,40.84186778786129,-73.94023871618502,77645
2017,33,199,63,3497,4082,40.84186778786129,-73.94023871618502,77645
2018,33,128,28,2651,4000,40.84186778786129,-73.94023871618502,77645
2006,34,7282,167,5652,5304,40.85956324377883,-73.92764140829489,112375
2007,34,6717,331,6374,5675,40.85956324377883,-73.92764140829489,112375
2008,34,7611,447,5768,5561,40.85956324377883,-73.92764140829489,112375
2009,34,7296,364,6126,5496,40.85956324377883,-73.92764140829489,112375
2010,34,6800,487,6071,5125,40.85956324377883,-73.92764140829489,112375
2011,34,11548,434,5957,5205,40.85956324377883,-73.92764140829489,112375
2012,34,9675,402,5998,5239,40.85956324377883,-73.92764140829489,112375
2013,34,4184,292,5392,5270,40.85956324377883,-73.92764140829489,112375
2014,34,393,92,5795,5286,40.85956324377883,-73.92764140829489,112375
2015,34,124,14,4530,5446,40.85956324377883,-73.92764140829489,112375
2016,34,133,21,4454,5538,40.85956324377883,-73.92764140829489,112375
2017,34,192,52,4126,5867,40.85956324377883,-73.92764140829489,112375
2018,34,188,44,3096,5432,40.85956324377883,-73.92764140829489,112375
2006,40,15481,721,10964,12436,40.81186088914729,-73.91652095710594,91497
2007,40,12662,715,11167,12378,40.81186088914729,-73.91652095710594,91497
2008,40,12616,716,11071,11982,40.81186088914729,-73.91652095710594,91497
2009,40,15167,608,11989,12067,40.81186088914729,-73.91652095710594,91497
2010,40,17262,1098,11543,11482,40.81186088914729,-73.91652095710594,91497
2011,40,17690,1121,10753,10803,40.81186088914729,-73.91652095710594,91497
2012,40,18276,1044,11319,11794,40.81186088914729,-73.91652095710594,91497
2013,40,4592,600,11296,11505,40.81186088914729,-73.91652095710594,91497
2014,40,898,668,12718,11632,40.81186088914729,-73.91652095710594,91497
2015,40,927,540,12116,12529,40.81186088914729,-73.91652095710594,91497
2016,40,375,172,10358,12373,40.81186088914729,-73.91652095710594,91497
2017,40,372,114,8357,12109,40.81186088914729,-73.91652095710594,91497
2018,40,311,104,6730,11653,40.81186088914729,-73.91652095710594,91497
2006,41,3698,225,5906,6067,40.816385251943466,-73.89063789434628,52246
2007,41,3386,244,6898,7014,40.816385251943466,-73.89063789434628,52246
2008,41,7408,527,7310,7049,40.816385251943466,-73.89063789434628,52246
2009,41,8038,465,7387,6839,40.816385251943466,-73.89063789434628,52246
2010,41,7838,624,7264,6674,40.816385251943466,-73.89063789434628,52246
2011,41,11329,503,8007,6728,40.816385251943466,-73.89063789434628,52246
2012,41,8611,404,7388,7017,40.816385251943466,-73.89063789434628,52246
2013,41,1565,109,7224,7472,40.816385251943466,-73.89063789434628,52246
2014,41,1015,79,7419,7725,40.816385251943466,-73.89063789434628,52246
2015,41,527,79,6531,7201,40.816385251943466,-73.89063789434628,52246
2016,41,161,31,6133,7450,40.816385251943466,-73.89063789434628,52246
2017,41,87,20,4924,6624,40.816385251943466,-73.89063789434628,52246
2018,41,72,23,3748,5976,40.816385251943466,-73.89063789434628,52246
2006,42,7390,503,5596,8591,40.83158416902984,-73.89932369179103,79762
2007,42,7483,532,5813,8625,40.83158416902984,-73.89932369179103,79762
2008,42,8555,640,6408,7836,40.83158416902984,-73.89932369179103,79762
2009,42,9471,423,7679,7848,40.83158416902984,-73.89932369179103,79762
2010,42,11683,810,7472,7467,40.83158416902984,-73.89932369179103,79762
2011,42,12414,786,7209,7799,40.83158416902984,-73.89932369179103,79762
2012,42,7761,687,6354,7609,40.83158416902984,-73.89932369179103,79762
2013,42,2424,291,6322,7373,40.83158416902984,-73.89932369179103,79762
2014,42,698,245,6361,7609,40.83158416902984,-73.89932369179103,79762
2015,42,375,153,5713,7565,40.83158416902984,-73.89932369179103,79762
2016,42,185,80,5917,8161,40.83158416902984,-73.89932369179103,79762
2017,42,283,100,5327,7987,40.83158416902984,-73.89932369179103,79762
2018,42,254,61,4278,8077,40.83158416902984,-73.89932369179103,79762
2006,43,9784,707,10690,14173,40.826144428643204,-73.86159587973195,172122
2007,43,8951,728,12077,15576,40.826144428643204,-73.86159587973195,172122
2008,43,10222,794,11117,14823,40.826144428643204,-73.86159587973195,172122
2009,43,9886,1050,11266,14470,40.826144428643204,-73.86159587973195,172122
2010,43,11507,1072,11409,14388,40.826144428643204,-73.86159587973195,172122
2011,43,17281,1200,12381,14405,40.826144428643204,-73.86159587973195,172122
2012,43,10655,818,10433,13243,40.826144428643204,-73.86159587973195,172122
2013,43,2950,289,8127,12573,40.826144428643204,-73.86159587973195,172122
2014,43,427,154,8198,12129,40.826144428643204,-73.86159587973195,172122
2015,43,405,181,6540,11654,40.826144428643204,-73.86159587973195,172122
2016,43,303,103,6108,11807,40.826144428643204,-73.86159587973195,172122
2017,43,103,38,6005,11132,40.826144428643204,-73.86159587973195,172122
2018,43,396,110,4842,10400,40.826144428643204,-73.86159587973195,172122
2006,44,9208,251,11858,13196,40.83487178866857,-73.92029052747876,146441
2007,44,7997,343,13668,12769,40.83487178866857,-73.92029052747876,146441
2008,44,8883,379,13810,12883,40.83487178866857,-73.92029052747876,146441
2009,44,11956,515,14271,12772,40.83487178866857,-73.92029052747876,146441
2010,44,12898,1202,15859,13579,40.83487178866857,-73.92029052747876,146441
2011,44,16903,1264,15078,13534,40.83487178866857,-73.92029052747876,146441
2012,44,15414,1335,13322,12814,40.83487178866857,-73.92029052747876,146441
2013,44,3436,563,12494,12459,40.83487178866857,-73.92029052747876,146441
2014,44,1330,191,10824,11660,40.83487178866857,-73.92029052747876,146441
2015,44,461,63,10450,11770,40.83487178866857,-73.92029052747876,146441
2016,44,125,13,8765,11623,40.83487178866857,-73.92029052747876,146441
2017,44,286,82,7371,11747,40.83487178866857,-73.92029052747876,146441
2018,44,221,72,7123,12069,40.83487178866857,-73.92029052747876,146441
2006,45,2551,204,2969,6855,40.838127076098594,-73.82073679946411,120833
2007,45,2635,161,2927,6686,40.838127076098594,-73.82073679946411,120833
2008,45,3402,174,3339,6827,40.838127076098594,-73.82073679946411,120833
2009,45,4285,245,3386,6771,40.838127076098594,-73.82073679946411,120833
2010,45,4907,318,3333,6659,40.838127076098594,-73.82073679946411,120833
2011,45,5362,346,3406,6222,40.838127076098594,-73.82073679946411,120833
2012,45,3995,323,3167,5787,40.838127076098594,-73.82073679946411,120833
2013,45,1165,91,2824,5699,40.838127076098594,-73.82073679946411,120833
2014,45,298,41,3004,6157,40.838127076098594,-73.82073679946411,120833
2015,45,262,28,2861,6411,40.838127076098594,-73.82073679946411,120833
2016,45,78,22,2757,6311,40.838127076098594,-73.82073679946411,120833
2017,45,115,16,2542,6131,40.838127076098594,-73.82073679946411,120833
2018,45,103,14,2617,6056,40.838127076098594,-73.82073679946411,120833
2006,46,5199,407,12296,12049,40.85211918690475,-73.90900172222223,128200
2007,46,6068,509,13123,13023,40.85211918690475,-73.90900172222223,128200
2008,46,7697,389,13652,12763,40.85211918690475,-73.90900172222223,128200
2009,46,8999,520,13078,12320,40.85211918690475,-73.90900172222223,128200
2010,46,11927,482,10593,11100,40.85211918690475,-73.90900172222223,128200
2011,46,13718,313,9686,10444,40.85211918690475,-73.90900172222223,128200
2012,46,5628,256,8811,9798,40.85211918690475,-73.90900172222223,128200
2013,46,1184,72,7853,9363,40.85211918690475,-73.90900172222223,128200
2014,46,348,45,8090,9847,40.85211918690475,-73.90900172222223,128200
2015,46,189,27,6383,9457,40.85211918690475,-73.90900172222223,128200
2016,46,129,24,5663,9409,40.85211918690475,-73.90900172222223,128200
2017,46,279,95,5432,8716,40.85211918690475,-73.90900172222223,128200
2018,46,269,80,5743,9185,40.85211918690475,-73.90900172222223,128200
2006,47,7140,349,5797,8746,40.88612937680959,-73.84921111836474,152374
2007,47,6961,474,7145,9175,40.88612937680959,-73.84921111836474,152374
2008,47,7210,574,7650,9306,40.88612937680959,-73.84921111836474,152374
2009,47,6685,458,7737,9208,40.88612937680959,-73.84921111836474,152374
2010,47,9689,1167,7744,9235,40.88612937680959,-73.84921111836474,152374
2011,47,10936,919,6880,8664,40.88612937680959,-73.84921111836474,152374
2012,47,8948,629,6601,9171,40.88612937680959,-73.84921111836474,152374
2013,47,2516,240,6659,8521,40.88612937680959,-73.84921111836474,152374
2014,47,362,168,6590,8878,40.88612937680959,-73.84921111836474,152374
2015,47,545,213,5740,9175,40.88612937680959,-73.84921111836474,152374
2016,47,201,65,5564,10355,40.88612937680959,-73.84921111836474,152374
2017,47,169,52,5570,10198,40.88612937680959,-73.84921111836474,152374
2018,47,104,22,5182,9651,40.88612937680959,-73.84921111836474,152374
2006,48,4867,171,5467,7525,40.84863588881989,-73.88787429161495,83266
2007,48,3317,193,7846,9194,40.84863588881989,-73.88787429161495,83266
2008,48,4109,223,7049,8266,40.84863588881989,-73.88787429161495,83266
2009,48,3533,268,7417,8306,40.84863588881989,-73.88787429161495,83266
2010,48,3643,502,7756,8347,40.84863588881989,-73.88787429161495,83266
2011,48,5265,353,6731,7412,40.84863588881989,-73.88787429161495,83266
2012,48,5430,193,6729,7864,40.84863588881989,-73.88787429161495,83266
2013,48,950,62,7175,8312,40.84863588881989,-73.88787429161495,83266
2014,48,135,27,6724,8389,40.84863588881989,-73.88787429161495,83266
2015,48,100,21,6133,8206,40.84863588881989,-73.88787429161495,83266
2016,48,90,24,5718,7744,40.84863588881989,-73.88787429161495,83266
2017,48,219,45,5009,7962,40.84863588881989,-73.88787429161495,83266
2018,48,207,47,4604,7611,40.84863588881989,-73.88787429161495,83266
2006,49,4184,138,2711,6889,40.85667745818817,-73.8552993576655,114712
2007,49,4750,160,2965,7179,40.85667745818817,-73.8552993576655,114712
2008,49,4647,216,3034,6802,40.85667745818817,-73.8552993576655,114712
2009,49,6742,357,3253,6887,40.85667745818817,-73.8552993576655,114712
2010,49,8677,453,3839,7217,40.85667745818817,-73.8552993576655,114712
2011,49,8495,378,3519,6946,40.85667745818817,-73.8552993576655,114712
2012,49,5778,349,3922,6649,40.85667745818817,-73.8552993576655,114712
2013,49,1637,106,4448,6760,40.85667745818817,-73.8552993576655,114712
2014,49,475,59,4243,6716,40.85667745818817,-73.8552993576655,114712
2015,49,581,105,3682,6355,40.85667745818817,-73.8552993576655,114712
2016,49,566,70,3794,6519,40.85667745818817,-73.8552993576655,114712
2017,49,280,96,3757,6597,40.85667745818817,-73.8552993576655,114712
2018,49,142,38,3344,6559,40.85667745818817,-73.8552993576655,114712
2006,50,2851,9,1902,4627,40.889581817433424,-73.90466286997581,101720
2007,50,1766,82,2554,5052,40.889581817433424,-73.90466286997581,101720
2008,50,2271,170,2542,5086,40.889581817433424,-73.90466286997581,101720
2009,50,2323,208,2979,5148,40.889581817433424,-73.90466286997581,101720
2010,50,2659,264,2316,4617,40.889581817433424,-73.90466286997581,101720
2011,50,2683,304,2538,4578,40.889581817433424,-73.90466286997581,101720
2012,50,1832,203,2170,4366,40.889581817433424,-73.90466286997581,101720
2013,50,913,76,2078,4162,40.889581817433424,-73.90466286997581,101720
2014,50,301,14,2129,4395,40.889581817433424,-73.90466286997581,101720
2015,50,165,13,1986,4471,40.889581817433424,-73.90466286997581,101720
2016,50,106,11,2058,4494,40.889581817433424,-73.90466286997581,101720
2017,50,50,10,1627,4339,40.889581817433424,-73.90466286997581,101720
2018,50,45,8,1320,4023,40.889581817433424,-73.90466286997581,101720
2006,52,3471,160,7739,10028,40.86967647000001,-73.88807028172408,139307
2007,52,5011,330,9534,10617,40.86967647000001,-73.88807028172408,139307
2008,52,7712,432,9068,10846,40.86967647000001,-73.88807028172408,139307
2009,52,9172,439,9413,10502,40.86967647000001,-73.88807028172408,139307
2010,52,9729,835,11407,11363,40.86967647000001,-73.88807028172408,139307
2011,52,13648,657,10690,11247,40.86967647000001,-73.88807028172408,139307
2012,52,9811,446,9747,10769,40.86967647000001,-73.88807028172408,139307
2013,52,1964,159,9357,10296,40.86967647000001,-73.88807028172408,139307
2014,52,536,39,9380,10807,40.86967647000001,-73.88807028172408,139307
2015,52,216,21,7324,10209,40.86967647000001,-73.88807028172408,139307
2016,52,140,16,6377,9898,40.86967647000001,-73.88807028172408,139307
2017,52,230,61,6898,10031,40.86967647000001,-73.88807028172408,139307
2018,52,207,47,5915,9856,40.86967647000001,-73.88807028172408,139307
2006,60,5457,334,4614,6906,40.580574928395045,-73.97977799530872,104278
2007,60,4377,263,4988,6675,40.580574928395045,-73.97977799530872,104278
2008,60,6659,360,4808,6788,40.580574928395045,-73.97977799530872,104278
2009,60,8781,377,5213,6136,40.580574928395045,-73.97977799530872,104278
2010,60,9235,690,5090,6746,40.580574928395045,-73.97977799530872,104278
2011,60,9952,670,4562,6405,40.580574928395045,-73.97977799530872,104278
2012,60,7785,500,4142,6275,40.580574928395045,-73.97977799530872,104278
2013,60,4478,285,4392,6176,40.580574928395045,-73.97977799530872,104278
2014,60,691,70,4670,6294,40.580574928395045,-73.97977799530872,104278
2015,60,488,99,4974,6434,40.580574928395045,-73.97977799530872,104278
2016,60,278,144,4538,5913,40.580574928395045,-73.97977799530872,104278
2017,60,186,78,4133,5778,40.580574928395045,-73.97977799530872,104278
2018,60,174,62,3880,6058,40.580574928395045,-73.97977799530872,104278
2006,61,5970,328,3282,7511,40.593673027250894,-73.94858990768304,159645
2007,61,4472,262,3514,7525,40.593673027250894,-73.94858990768304,159645
2008,61,6034,203,3338,7413,40.593673027250894,-73.94858990768304,159645
2009,61,5396,210,3430,6875,40.593673027250894,-73.94858990768304,159645
2010,61,5439,269,3140,6030,40.593673027250894,-73.94858990768304,159645
2011,61,6620,265,3194,5697,40.593673027250894,-73.94858990768304,159645
2012,61,6690,193,3314,6259,40.593673027250894,-73.94858990768304,159645
2013,61,2929,114,3329,5784,40.593673027250894,-73.94858990768304,159645
2014,61,196,15,3331,5910,40.593673027250894,-73.94858990768304,159645
2015,61,99,22,2810,5552,40.593673027250894,-73.94858990768304,159645
2016,61,88,34,2676,5279,40.593673027250894,-73.94858990768304,159645
2017,61,152,58,2635,5570,40.593673027250894,-73.94858990768304,159645
2018,61,137,44,2231,5459,40.593673027250894,-73.94858990768304,159645
2006,62,5215,158,2615,7405,40.60768341465968,-73.99351511623034,181981
2007,62,4161,251,2840,6907,40.60768341465968,-73.99351511623034,181981
2008,62,4642,212,2915,6623,40.60768341465968,-73.99351511623034,181981
2009,62,6040,206,2826,6199,40.60768341465968,-73.99351511623034,181981
2010,62,4976,180,2515,5615,40.60768341465968,-73.99351511623034,181981
2011,62,4385,194,2471,5718,40.60768341465968,-73.99351511623034,181981
2012,62,4471,195,2476,5747,40.60768341465968,-73.99351511623034,181981
2013,62,3054,115,2384,5668,40.60768341465968,-73.99351511623034,181981
2014,62,618,45,2947,5986,40.60768341465968,-73.99351511623034,181981
2015,62,256,47,2770,5909,40.60768341465968,-73.99351511623034,181981
2016,62,125,27,2549,5485,40.60768341465968,-73.99351511623034,181981
2017,62,107,47,2394,5392,40.60768341465968,-73.99351511623034,181981
2018,62,97,34,1653,5170,40.60768341465968,-73.99351511623034,181981
2006,63,3324,68,2160,6181,40.61942785895759,-73.92424252198693,108646
2007,63,3267,47,2605,5907,40.61942785895759,-73.92424252198693,108646
2008,63,2218,76,2377,6039,40.61942785895759,-73.92424252198693,108646
2009,63,2520,96,2282,5498,40.61942785895759,-73.92424252198693,108646
2010,63,3449,149,2301,5359,40.61942785895759,-73.92424252198693,108646
2011,63,4585,237,2443,5403,40.61942785895759,-73.92424252198693,108646
2012,63,3663,197,2499,5282,40.61942785895759,-73.92424252198693,108646
2013,63,1549,79,2339,4853,40.61942785895759,-73.92424252198693,108646
2014,63,232,18,2277,4790,40.61942785895759,-73.92424252198693,108646
2015,63,171,8,2183,4975,40.61942785895759,-73.92424252198693,108646
2016,63,80,4,2294,4960,40.61942785895759,-73.92424252198693,108646
2017,63,172,32,1996,4651,40.61942785895759,-73.92424252198693,108646
2018,63,163,38,2051,4289,40.61942785895759,-73.92424252198693,108646
2006,66,3604,73,2010,5348,40.632248310166375,-73.98433953475039,191382
2007,66,3236,367,2008,5172,40.632248310166375,-73.98433953475039,191382
2008,66,3800,630,1824,5276,40.632248310166375,-73.98433953475039,191382
2009,66,3987,669,1756,5162,40.632248310166375,-73.98433953475039,191382
2010,66,2779,419,1837,4920,40.632248310166375,-73.98433953475039,191382
2011,66,3827,326,1651,4887,40.632248310166375,-73.98433953475039,191382
2012,66,3435,322,1769,4935,40.632248310166375,-73.98433953475039,191382
2013,66,1944,198,1871,4756,40.632248310166375,-73.98433953475039,191382
2014,66,932,98,1984,4472,40.632248310166375,-73.98433953475039,191382
2015,66,468,89,2038,4626,40.632248310166375,-73.98433953475039,191382
2016,66,237,66,2031,4429,40.632248310166375,-73.98433953475039,191382
2017,66,52,10,1568,4143,40.632248310166375,-73.98433953475039,191382
2018,66,55,3,1293,4011,40.632248310166375,-73.98433953475039,191382
2006,67,6258,157,6590,9898,40.648304987593995,-73.93371080131583,155252
2007,67,5261,488,7258,9180,40.648304987593995,-73.93371080131583,155252
2008,67,6860,353,6308,9250,40.648304987593995,-73.93371080131583,155252
2009,67,12385,588,7038,9191,40.648304987593995,-73.93371080131583,155252
2010,67,11945,429,6598,8980,40.648304987593995,-73.93371080131583,155252
2011,67,13093,420,6598,9103,40.648304987593995,-73.93371080131583,155252
2012,67,10832,302,7327,9367,40.648304987593995,-73.93371080131583,155252
2013,67,4317,227,6993,9560,40.648304987593995,-73.93371080131583,155252
2014,67,1248,93,7511,10082,40.648304987593995,-73.93371080131583,155252
2015,67,769,40,6754,9874,40.648304987593995,-73.93371080131583,155252
2016,67,269,17,5832,10106,40.648304987593995,-73.93371080131583,155252
2017,67,244,46,5074,9514,40.648304987593995,-73.93371080131583,155252
2018,67,289,64,4736,9667,40.648304987593995,-73.93371080131583,155252
2006,68,1995,154,1946,5422,40.624853227894725,-74.02353636719293,124491
2007,68,2671,175,2234,5318,40.624853227894725,-74.02353636719293,124491
2008,68,3385,243,2206,5424,40.624853227894725,-74.02353636719293,124491
2009,68,2545,306,2463,5314,40.624853227894725,-74.02353636719293,124491
2010,68,2639,258,2476,5174,40.624853227894725,-74.02353636719293,124491
2011,68,2890,321,2313,4818,40.624853227894725,-74.02353636719293,124491
2012,68,2557,184,2067,5082,40.624853227894725,-74.02353636719293,124491
2013,68,1588,152,2293,5115,40.624853227894725,-74.02353636719293,124491
2014,68,109,16,2316,4711,40.624853227894725,-74.02353636719293,124491
2015,68,70,10,2144,4845,40.624853227894725,-74.02353636719293,124491
2016,68,86,17,2625,5159,40.624853227894725,-74.02353636719293,124491
2017,68,85,36,2898,4968,40.624853227894725,-74.02353636719293,124491
2018,68,50,15,2502,4335,40.624853227894725,-74.02353636719293,124491
2006,69,6122,147,2770,5479,40.639023123456795,-73.90118177209877,84480
2007,69,4601,192,2922,4989,40.639023123456795,-73.90118177209877,84480
2008,69,6694,235,2847,5112,40.639023123456795,-73.90118177209877,84480
2009,69,5667,254,2725,5006,40.639023123456795,-73.90118177209877,84480
2010,69,6566,283,3003,4839,40.639023123456795,-73.90118177209877,84480
2011,69,6117,199,3158,4979,40.639023123456795,-73.90118177209877,84480
2012,69,5369,168,3237,5245,40.639023123456795,-73.90118177209877,84480
2013,69,2911,160,3112,4927,40.639023123456795,-73.90118177209877,84480
2014,69,833,62,3788,4830,40.639023123456795,-73.90118177209877,84480
2015,69,167,19,2985,4640,40.639023123456795,-73.90118177209877,84480
2016,69,25,6,2801,4658,40.639023123456795,-73.90118177209877,84480
2017,69,166,53,2851,4424,40.639023123456795,-73.90118177209877,84480
2018,69,157,44,2176,4158,40.639023123456795,-73.90118177209877,84480
2006,70,9287,279,5435,9356,40.631468616777,-73.95943076622518,160664
2007,70,9957,281,5800,8790,40.631468616777,-73.95943076622518,160664
2008,70,10479,341,5750,8546,40.631468616777,-73.95943076622518,160664
2009,70,10287,303,6012,8029,40.631468616777,-73.95943076622518,160664
2010,70,10291,294,6286,7879,40.631468616777,-73.95943076622518,160664
2011,70,12304,254,5600,7813,40.631468616777,-73.95943076622518,160664
2012,70,11248,152,5108,7903,40.631468616777,-73.95943076622518,160664
2013,70,4033,152,5153,7816,40.631468616777,-73.95943076622518,160664
2014,70,598,34,5401,7699,40.631468616777,-73.95943076622518,160664
2015,70,557,30,4384,7615,40.631468616777,-73.95943076622518,160664
2016,70,108,16,3840,7356,40.631468616777,-73.95943076622518,160664
2017,70,109,33,4045,7198,40.631468616777,-73.95943076622518,160664
2018,70,115,30,3874,6945,40.631468616777,-73.95943076622518,160664
2006,71,4194,142,4950,7390,40.663193247343,-73.94784906859903,98429
2007,71,4299,190,5700,7351,40.663193247343,-73.94784906859903,98429
2008,71,4817,213,4916,7106,40.663193247343,-73.94784906859903,98429
2009,71,6865,281,5246,7063,40.663193247343,-73.94784906859903,98429
2010,71,7212,268,5827,7500,40.663193247343,-73.94784906859903,98429
2011,71,6014,527,5724,7397,40.663193247343,-73.94784906859903,98429
2012,71,4676,354,5012,7139,40.663193247343,-73.94784906859903,98429
2013,71,2860,253,4921,6948,40.663193247343,-73.94784906859903,98429
2014,71,546,51,5075,7053,40.663193247343,-73.94784906859903,98429
2015,71,252,32,4733,6969,40.663193247343,-73.94784906859903,98429
2016,71,192,36,4316,6824,40.663193247343,-73.94784906859903,98429
2017,71,200,31,3799,6280,40.663193247343,-73.94784906859903,98429
2018,71,179,22,3072,6046,40.663193247343,-73.94784906859903,98429
2006,72,4916,132,4271,5983,40.6517336727711,-74.00061301277108,126230
2007,72,3625,181,4419,5580,40.6517336727711,-74.00061301277108,126230
2008,72,3743,201,4036,5765,40.6517336727711,-74.00061301277108,126230
2009,72,3999,312,3778,5251,40.6517336727711,-74.00061301277108,126230
2010,72,4390,337,3998,5518,40.6517336727711,-74.00061301277108,126230
2011,72,6977,222,3631,5279,40.6517336727711,-74.00061301277108,126230
2012,72,5199,230,3555,5483,40.6517336727711,-74.00061301277108,126230
2013,72,2265,158,3550,5417,40.6517336727711,-74.00061301277108,126230
2014,72,195,13,3589,5298,40.6517336727711,-74.00061301277108,126230
2015,72,149,20,3143,5290,40.6517336727711,-74.00061301277108,126230
2016,72,124,45,3260,5152,40.6517336727711,-74.00061301277108,126230
2017,72,150,60,3748,5260,40.6517336727711,-74.00061301277108,126230
2018,72,193,41,3286,5232,40.6517336727711,-74.00061301277108,126230
2006,73,26294,221,9081,9768,40.66845446503069,-73.91107022914112,86468
2007,73,21760,429,10965,10118,40.66845446503069,-73.91107022914112,86468
2008,73,22960,566,11292,10501,40.66845446503069,-73.91107022914112,86468
2009,73,26710,597,12552,11329,40.66845446503069,-73.91107022914112,86468
2010,73,19539,720,13109,11228,40.66845446503069,-73.91107022914112,86468
2011,73,25167,1147,14326,11638,40.66845446503069,-73.91107022914112,86468
2012,73,22148,513,12752,11807,40.66845446503069,-73.91107022914112,86468
2013,73,8001,314,11018,10466,40.66845446503069,-73.91107022914112,86468
2014,73,866,122,10494,9937,40.66845446503069,-73.91107022914112,86468
2015,73,285,47,8960,9762,40.66845446503069,-73.91107022914112,86468
2016,73,186,35,7858,9278,40.66845446503069,-73.91107022914112,86468
2017,73,241,68,6204,8834,40.66845446503069,-73.91107022914112,86468
2018,73,283,68,5482,9511,40.66845446503069,-73.91107022914112,86468
2006,75,29631,416,12204,15053,40.66989566984867,-73.88104544039575,183328
2007,75,23538,739,13086,15741,40.66989566984867,-73.88104544039575,183328
2008,75,27771,684,13673,15687,40.66989566984867,-73.88104544039575,183328
2009,75,31660,890,15425,16894,40.66989566984867,-73.88104544039575,183328
2010,75,26938,1083,15505,16749,40.66989566984867,-73.88104544039575,183328
2011,75,31100,1105,15748,16978,40.66989566984867,-73.88104544039575,183328
2012,75,24408,612,15232,17256,40.66989566984867,-73.88104544039575,183328
2013,75,6928,351,14713,17038,40.66989566984867,-73.88104544039575,183328
2014,75,917,183,13781,17532,40.66989566984867,-73.88104544039575,183328
2015,75,543,78,11830,16138,40.66989566984867,-73.88104544039575,183328
2016,75,330,27,10194,15067,40.66989566984867,-73.88104544039575,183328
2017,75,102,16,8144,15055,40.66989566984867,-73.88104544039575,183328
2018,75,432,85,6694,14791,40.66989566984867,-73.88104544039575,183328
2006,76,3960,231,2632,3272,40.679751438079464,-74.00171729966887,43694
2007,76,4060,270,2324,3098,40.679751438079464,-74.00171729966887,43694
2008,76,5546,256,2200,2928,40.679751438079464,-74.00171729966887,43694
2009,76,5421,324,2136,2796,40.679751438079464,-74.00171729966887,43694
2010,76,5502,300,2076,2916,40.679751438079464,-74.00171729966887,43694
2011,76,4659,248,1838,2852,40.679751438079464,-74.00171729966887,43694
2012,76,4480,284,2227,3079,40.679751438079464,-74.00171729966887,43694
2013,76,2434,133,1839,2702,40.679751438079464,-74.00171729966887,43694
2014,76,428,34,1763,2654,40.679751438079464,-74.00171729966887,43694
2015,76,170,26,1630,2534,40.679751438079464,-74.00171729966887,43694
2016,76,131,53,2298,2628,40.679751438079464,-74.00171729966887,43694
2017,76,89,43,2404,2586,40.679751438079464,-74.00171729966887,43694
2018,76,94,27,2080,2650,40.679751438079464,-74.00171729966887,43694
2006,77,8530,138,6093,7541,40.67457953696681,-73.94734778436019,96309
2007,77,9099,360,6414,8293,40.67457953696681,-73.94734778436019,96309
2008,77,8321,701,6539,7770,40.67457953696681,-73.94734778436019,96309
2009,77,10375,719,6626,7442,40.67457953696681,-73.94734778436019,96309
2010,77,11045,539,7077,7699,40.67457953696681,-73.94734778436019,96309
2011,77,11405,492,6957,8105,40.67457953696681,-73.94734778436019,96309
2012,77,9934,371,6232,7907,40.67457953696681,-73.94734778436019,96309
2013,77,3442,193,6243,7755,40.67457953696681,-73.94734778436019,96309
2014,77,373,56,5725,7437,40.67457953696681,-73.94734778436019,96309
2015,77,143,18,4387,6513,40.67457953696681,-73.94734778436019,96309
2016,77,130,23,4351,6310,40.67457953696681,-73.94734778436019,96309
2017,77,203,41,4310,6157,40.67457953696681,-73.94734778436019,96309
2018,77,143,33,3650,6203,40.67457953696681,-73.94734778436019,96309
2006,78,2762,123,2033,3456,40.67206255022224,-73.98116871066668,61099
2007,78,2104,90,1675,3377,40.67206255022224,-73.98116871066668,61099
2008,78,2213,64,1674,3346,40.67206255022224,-73.98116871066668,61099
2009,78,2432,71,1659,2935,40.67206255022224,-73.98116871066668,61099
2010,78,3038,92,1470,3127,40.67206255022224,-73.98116871066668,61099
2011,78,3555,167,1494,3052,40.67206255022224,-73.98116871066668,61099
2012,78,3281,99,1803,3546,40.67206255022224,-73.98116871066668,61099
2013,78,1746,51,2302,3952,40.67206255022224,-73.98116871066668,61099
2014,78,167,9,2244,3977,40.67206255022224,-73.98116871066668,61099
2015,78,83,7,2420,3869,40.67206255022224,-73.98116871066668,61099
2016,78,96,18,2378,4138,40.67206255022224,-73.98116871066668,61099
2017,78,81,17,2212,3889,40.67206255022224,-73.98116871066668,61099
2018,78,109,48,1783,4037,40.67206255022224,-73.98116871066668,61099
2006,79,15865,267,6943,8398,40.68869692487805,-73.94957060390243,90263
2007,79,18876,827,8247,8833,40.68869692487805,-73.94957060390243,90263
2008,79,18609,952,7483,8810,40.68869692487805,-73.94957060390243,90263
2009,79,20726,1096,9467,7977,40.68869692487805,-73.94957060390243,90263
2010,79,15304,768,8386,8481,40.68869692487805,-73.94957060390243,90263
2011,79,14495,551,7767,8147,40.68869692487805,-73.94957060390243,90263
2012,79,15294,489,7795,8350,40.68869692487805,-73.94957060390243,90263
2013,79,5481,339,7802,8113,40.68869692487805,-73.94957060390243,90263
2014,79,1452,204,6573,7515,40.68869692487805,-73.94957060390243,90263
2015,79,582,60,5087,6768,40.68869692487805,-73.94957060390243,90263
2016,79,238,30,4527,6950,40.68869692487805,-73.94957060390243,90263
2017,79,237,57,4120,7021,40.68869692487805,-73.94957060390243,90263
2018,79,230,47,3828,7510,40.68869692487805,-73.94957060390243,90263
2006,81,5488,106,4026,6017,40.685816059886996,-73.92883128135591,62722
2007,81,7938,232,4840,6369,40.685816059886996,-73.92883128135591,62722
2008,81,9687,472,5028,6529,40.685816059886996,-73.92883128135591,62722
2009,81,9101,582,5643,6702,40.685816059886996,-73.92883128135591,62722
2010,81,11155,553,6241,7195,40.685816059886996,-73.92883128135591,62722
2011,81,13651,460,5918,6541,40.685816059886996,-73.92883128135591,62722
2012,81,9709,376,5775,6838,40.685816059886996,-73.92883128135591,62722
2013,81,2124,165,5339,6683,40.685816059886996,-73.92883128135591,62722
2014,81,266,58,4827,6396,40.685816059886996,-73.92883128135591,62722
2015,81,119,8,3940,5675,40.685816059886996,-73.92883128135591,62722
2016,81,129,20,3747,5332,40.685816059886996,-73.92883128135591,62722
2017,81,132,29,2948,5057,40.685816059886996,-73.92883128135591,62722
2018,81,123,32,2157,5017,40.685816059886996,-73.92883128135591,62722
2006,83,5745,135,6896,7464,40.69575650268658,-73.91842045611939,112634
2007,83,6850,246,7147,7110,40.69575650268658,-73.91842045611939,112634
2008,83,9296,566,7116,7168,40.69575650268658,-73.91842045611939,112634
2009,83,9436,568,7067,6664,40.69575650268658,-73.91842045611939,112634
2010,83,9575,685,6924,6679,40.69575650268658,-73.91842045611939,112634
2011,83,15021,773,7737,6772,40.69575650268658,-73.91842045611939,112634
2012,83,11811,574,7213,7171,40.69575650268658,-73.91842045611939,112634
2013,83,3695,248,6398,7038,40.69575650268658,-73.91842045611939,112634
2014,83,554,97,5528,6644,40.69575650268658,-73.91842045611939,112634
2015,83,241,64,4331,6236,40.69575650268658,-73.91842045611939,112634
2016,83,111,27,3736,6442,40.69575650268658,-73.91842045611939,112634
2017,83,128,23,3492,6538,40.69575650268658,-73.91842045611939,112634
2018,83,146,44,3053,6590,40.69575650268658,-73.91842045611939,112634
2006,84,3646,116,4110,5103,40.69590987647061,-73.98891615986162,48196
2007,84,3043,141,4174,5403,40.69590987647061,-73.98891615986162,48196
2008,84,3509,281,4340,5255,40.69590987647061,-73.98891615986162,48196
2009,84,4010,281,4779,5001,40.69590987647061,-73.98891615986162,48196
2010,84,4360,367,4999,5386,40.69590987647061,-73.98891615986162,48196
2011,84,5214,298,5220,5257,40.69590987647061,-73.98891615986162,48196
2012,84,3830,205,4428,5087,40.69590987647061,-73.98891615986162,48196
2013,84,2221,135,4298,5047,40.69590987647061,-73.98891615986162,48196
2014,84,1065,76,4489,4928,40.69590987647061,-73.98891615986162,48196
2015,84,271,33,4351,4966,40.69590987647061,-73.98891615986162,48196
2016,84,209,32,4331,5249,40.69590987647061,-73.98891615986162,48196
2017,84,165,55,4304,5407,40.69590987647061,-73.98891615986162,48196
2018,84,133,45,3607,5361,40.69590987647061,-73.98891615986162,48196
2006,88,6574,355,2891,4939,40.69246895729928,-73.97139118649639,51421
2007,88,7911,436,3145,5039,40.69246895729928,-73.97139118649639,51421
2008,88,6280,402,2767,4815,40.69246895729928,-73.97139118649639,51421
2009,88,7156,390,3008,4221,40.69246895729928,-73.97139118649639,51421
2010,88,7487,488,3120,4683,40.69246895729928,-73.97139118649639,51421
2011,88,7734,570,3092,4929,40.69246895729928,-73.97139118649639,51421
2012,88,5948,430,3399,5147,40.69246895729928,-73.97139118649639,51421
2013,88,1667,89,2686,4254,40.69246895729928,-73.97139118649639,51421
2014,88,346,44,2721,4340,40.69246895729928,-73.97139118649639,51421
2015,88,104,23,2316,3781,40.69246895729928,-73.97139118649639,51421
2016,88,64,9,2528,3835,40.69246895729928,-73.97139118649639,51421
2017,88,82,15,1858,3664,40.69246895729928,-73.97139118649639,51421
2018,88,109,43,1415,3700,40.69246895729928,-73.97139118649639,51421
2006,90,8348,117,4005,6651,40.708187450704216,-73.94946275311865,116836
2007,90,5418,339,3692,6238,40.708187450704216,-73.94946275311865,116836
2008,90,11249,471,4253,6776,40.708187450704216,-73.94946275311865,116836
2009,90,10398,484,4106,6245,40.708187450704216,-73.94946275311865,116836
2010,90,10393,682,4045,6535,40.708187450704216,-73.94946275311865,116836
2011,90,17566,552,4686,6693,40.708187450704216,-73.94946275311865,116836
2012,90,9846,475,4144,6574,40.708187450704216,-73.94946275311865,116836
2013,90,2251,147,4573,6678,40.708187450704216,-73.94946275311865,116836
2014,90,605,93,3887,6579,40.708187450704216,-73.94946275311865,116836
2015,90,292,29,3608,6630,40.708187450704216,-73.94946275311865,116836
2016,90,247,46,3444,6474,40.708187450704216,-73.94946275311865,116836
2017,90,150,42,3271,6691,40.708187450704216,-73.94946275311865,116836
2018,90,152,29,2539,6426,40.708187450704216,-73.94946275311865,116836
2006,94,2934,64,1476,3171,40.72349859928232,-73.94885262009572,56247
2007,94,2264,83,1395,3106,40.72349859928232,-73.94885262009572,56247
2008,94,2370,102,1411,3193,40.72349859928232,-73.94885262009572,56247
2009,94,1546,145,1637,3084,40.72349859928232,-73.94885262009572,56247
2010,94,1913,129,1876,3126,40.72349859928232,-73.94885262009572,56247
2011,94,2023,137,1637,3219,40.72349859928232,-73.94885262009572,56247
2012,94,2092,146,1816,3537,40.72349859928232,-73.94885262009572,56247
2013,94,486,54,2023,3591,40.72349859928232,-73.94885262009572,56247
2014,94,134,20,1756,3773,40.72349859928232,-73.94885262009572,56247
2015,94,77,11,1413,3658,40.72349859928232,-73.94885262009572,56247
2016,94,73,9,1453,3719,40.72349859928232,-73.94885262009572,56247
2017,94,95,33,1676,3740,40.72349859928232,-73.94885262009572,56247
2018,94,69,14,1365,3788,40.72349859928232,-73.94885262009572,56247
2006,100,2402,197,1621,2530,40.57927079834091,-73.8502250327299,47913
2007,100,3364,224,1756,2480,40.57927079834091,-73.8502250327299,47913
2008,100,2853,241,1904,2561,40.57927079834091,-73.8502250327299,47913
2009,100,3020,301,2062,2669,40.57927079834091,-73.8502250327299,47913
2010,100,3468,335,2100,2546,40.57927079834091,-73.8502250327299,47913
2011,100,5112,360,2072,2472,40.57927079834091,-73.8502250327299,47913
2012,100,4130,234,1875,2603,40.57927079834091,-73.8502250327299,47913
2013,100,1736,103,1859,2418,40.57927079834091,-73.8502250327299,47913
2014,100,200,29,2358,2871,40.57927079834091,-73.8502250327299,47913
2015,100,158,17,2110,2664,40.57927079834091,-73.8502250327299,47913
2016,100,83,17,2073,2906,40.57927079834091,-73.8502250327299,47913
2017,100,99,36,1856,2743,40.57927079834091,-73.8502250327299,47913
2018,100,106,36,1552,2435,40.57927079834091,-73.8502250327299,47913
2006,101,7874,588,3419,4231,40.59987628938993,-73.76119091724141,67065
2007,101,8384,565,3679,4271,40.59987628938993,-73.76119091724141,67065
2008,101,7788,610,3877,4081,40.59987628938993,-73.76119091724141,67065
2009,101,9159,794,3758,3807,40.59987628938993,-73.76119091724141,67065
2010,101,10007,795,3872,3677,40.59987628938993,-73.76119091724141,67065
2011,101,11576,532,3568,3631,40.59987628938993,-73.76119091724141,67065
2012,101,9770,404,3342,4053,40.59987628938993,-73.76119091724141,67065
2013,101,6528,234,3394,4356,40.59987628938993,-73.76119091724141,67065
2014,101,1486,76,4254,4470,40.59987628938993,-73.76119091724141,67065
2015,101,175,30,3180,4466,40.59987628938993,-73.76119091724141,67065
2016,101,109,25,2895,4655,40.59987628938993,-73.76119091724141,67065
2017,101,100,16,2720,4372,40.59987628938993,-73.76119091724141,67065
2018,101,63,17,2701,4455,40.59987628938993,-73.76119091724141,67065
2006,102,4239,459,3839,6627,40.694306063040464,-73.84084882105998,144008
2007,102,4428,549,4383,6862,40.694306063040464,-73.84084882105998,144008
2008,102,7871,744,4764,7064,40.694306063040464,-73.84084882105998,144008
2009,102,6694,930,4282,6635,40.694306063040464,-73.84084882105998,144008
2010,102,8406,884,4384,6351,40.694306063040464,-73.84084882105998,144008
2011,102,9486,738,3925,6303,40.694306063040464,-73.84084882105998,144008
2012,102,6849,822,3926,6302,40.694306063040464,-73.84084882105998,144008
2013,102,2355,323,4502,6780,40.694306063040464,-73.84084882105998,144008
2014,102,1181,169,3916,6297,40.694306063040464,-73.84084882105998,144008
2015,102,621,63,3736,5919,40.694306063040464,-73.84084882105998,144008
2016,102,104,8,4354,5718,40.694306063040464,-73.84084882105998,144008
2017,102,68,10,4228,4955,40.694306063040464,-73.84084882105998,144008
2018,102,77,19,3496,5104,40.694306063040464,-73.84084882105998,144008
2006,103,19463,686,6832,7926,40.703108155322354,-73.78740352758632,105803
2007,103,10507,577,7159,7624,40.703108155322354,-73.78740352758632,105803
2008,103,11706,602,7991,8041,40.703108155322354,-73.78740352758632,105803
2009,103,11157,820,8219,7573,40.703108155322354,-73.78740352758632,105803
2010,103,16420,1129,8610,7762,40.703108155322354,-73.78740352758632,105803
2011,103,17152,1198,8422,7759,40.703108155322354,-73.78740352758632,105803
2012,103,12986,1044,8607,7690,40.703108155322354,-73.78740352758632,105803
2013,103,4944,382,9763,8706,40.703108155322354,-73.78740352758632,105803
2014,103,325,35,9883,8563,40.703108155322354,-73.78740352758632,105803
2015,103,160,13,8979,8542,40.703108155322354,-73.78740352758632,105803
2016,103,102,23,6488,7411,40.703108155322354,-73.78740352758632,105803
2017,103,159,25,4942,6736,40.703108155322354,-73.78740352758632,105803
2018,103,221,22,4132,6546,40.703108155322354,-73.78740352758632,105803
2006,104,7631,230,3982,7697,40.713451036511046,-73.89161074918964,170190
2007,104,6412,259,3545,7146,40.713451036511046,-73.89161074918964,170190
2008,104,7279,237,3776,7382,40.713451036511046,-73.89161074918964,170190
2009,104,7984,389,4337,7333,40.713451036511046,-73.89161074918964,170190
2010,104,7591,332,5059,7944,40.713451036511046,-73.89161074918964,170190
2011,104,6874,559,4818,8985,40.713451036511046,-73.89161074918964,170190
2012,104,4893,440,4561,8433,40.713451036511046,-73.89161074918964,170190
2013,104,1480,193,4421,7221,40.713451036511046,-73.89161074918964,170190
2014,104,497,122,4382,6965,40.713451036511046,-73.89161074918964,170190
2015,104,131,32,3543,5911,40.713451036511046,-73.89161074918964,170190
2016,104,43,3,2998,6036,40.713451036511046,-73.89161074918964,170190
2017,104,106,32,2993,6164,40.713451036511046,-73.89161074918964,170190
2018,104,64,5,2624,5784,40.713451036511046,-73.89161074918964,170190
2006,105,10972,259,4984,8025,40.69897187632918,-73.73704229790384,188582
2007,105,7146,311,4486,7767,40.69897187632918,-73.73704229790384,188582
2008,105,5919,474,3931,7543,40.69897187632918,-73.73704229790384,188582
2009,105,7953,854,4548,7418,40.69897187632918,-73.73704229790384,188582
2010,105,9747,842,4602,6949,40.69897187632918,-73.73704229790384,188582
2011,105,9791,1011,4595,7104,40.69897187632918,-73.73704229790384,188582
2012,105,8198,871,4486,7097,40.69897187632918,-73.73704229790384,188582
2013,105,5163,306,5080,7248,40.69897187632918,-73.73704229790384,188582
2014,105,1708,184,4951,7136,40.69897187632918,-73.73704229790384,188582
2015,105,511,106,3937,7527,40.69897187632918,-73.73704229790384,188582
2016,105,223,66,3799,7238,40.69897187632918,-73.73704229790384,188582
2017,105,162,35,3899,6941,40.69897187632918,-73.73704229790384,188582
2018,105,132,25,3195,7101,40.69897187632918,-73.73704229790384,188582
2006,106,5522,331,3322,6707,40.6709212875664,-73.8314465217853,122441
2007,106,4124,392,3949,7028,40.6709212875664,-73.8314465217853,122441
2008,106,6465,400,3441,6148,40.6709212875664,-73.8314465217853,122441
2009,106,7812,411,3701,5870,40.6709212875664,-73.8314465217853,122441
2010,106,8446,459,3767,5663,40.6709212875664,-73.8314465217853,122441
2011,106,8643,265,3728,5627,40.6709212875664,-73.8314465217853,122441
2012,106,5019,304,3952,6177,40.6709212875664,-73.8314465217853,122441
2013,106,2831,162,4403,6124,40.6709212875664,-73.8314465217853,122441
2014,106,2228,145,3774,6166,40.6709212875664,-73.8314465217853,122441
2015,106,1481,126,3421,5873,40.6709212875664,-73.8314465217853,122441
2016,106,1264,136,3354,5873,40.6709212875664,-73.8314465217853,122441
2017,106,211,36,2910,5783,40.6709212875664,-73.8314465217853,122441
2018,106,70,21,2777,5918,40.6709212875664,-73.8314465217853,122441
2006,107,6228,261,3383,6507,40.72463296219117,-73.79906270279267,151107
2007,107,5035,262,3010,6055,40.72463296219117,-73.79906270279267,151107
2008,107,5989,218,3098,5950,40.72463296219117,-73.79906270279267,151107
2009,107,6267,246,3462,5670,40.72463296219117,-73.79906270279267,151107
2010,107,6723,337,3419,5463,40.72463296219117,-73.79906270279267,151107
2011,107,5583,365,3101,4972,40.72463296219117,-73.79906270279267,151107
2012,107,4442,321,3115,4790,40.72463296219117,-73.79906270279267,151107
2013,107,1909,169,3309,5036,40.72463296219117,-73.79906270279267,151107
2014,107,1366,139,3228,4635,40.72463296219117,-73.79906270279267,151107
2015,107,570,41,2826,4585,40.72463296219117,-73.79906270279267,151107
2016,107,40,4,2685,4552,40.72463296219117,-73.79906270279267,151107
2017,107,65,10,3142,4765,40.72463296219117,-73.79906270279267,151107
2018,107,103,32,2309,4283,40.72463296219117,-73.79906270279267,151107
2006,108,5321,174,3254,5707,40.74187622411432,-73.92197360319997,113200
2007,108,7107,357,3467,5726,40.74187622411432,-73.92197360319997,113200
2008,108,6237,378,2997,5669,40.74187622411432,-73.92197360319997,113200
2009,108,6920,376,2696,5327,40.74187622411432,-73.92197360319997,113200
2010,108,6743,460,2955,5595,40.74187622411432,-73.92197360319997,113200
2011,108,5860,420,2872,5364,40.74187622411432,-73.92197360319997,113200
2012,108,4096,211,2264,4993,40.74187622411432,-73.92197360319997,113200
2013,108,830,36,2970,5603,40.74187622411432,-73.92197360319997,113200
2014,108,166,12,2800,5244,40.74187622411432,-73.92197360319997,113200
2015,108,92,5,2401,4770,40.74187622411432,-73.92197360319997,113200
2016,108,53,9,2042,4512,40.74187622411432,-73.92197360319997,113200
2017,108,75,22,2191,4804,40.74187622411432,-73.92197360319997,113200
2018,108,77,24,1929,4679,40.74187622411432,-73.92197360319997,113200
2006,109,6443,334,5182,8387,40.77197327975965,-73.8157649145478,247354
2007,109,7405,387,4816,8530,40.77197327975965,-73.8157649145478,247354
2008,109,8242,350,4665,8217,40.77197327975965,-73.8157649145478,247354
2009,109,10174,385,4845,8415,40.77197327975965,-73.8157649145478,247354
2010,109,10200,362,4961,7757,40.77197327975965,-73.8157649145478,247354
2011,109,12864,848,5652,7766,40.77197327975965,-73.8157649145478,247354
2012,109,9682,746,5313,7619,40.77197327975965,-73.8157649145478,247354
2013,109,3729,344,5326,7820,40.77197327975965,-73.8157649145478,247354
2014,109,871,107,5038,7898,40.77197327975965,-73.8157649145478,247354
2015,109,221,46,4474,7663,40.77197327975965,-73.8157649145478,247354
2016,109,250,40,4249,8119,40.77197327975965,-73.8157649145478,247354
2017,109,162,19,4062,8285,40.77197327975965,-73.8157649145478,247354
2018,109,97,23,3984,8503,40.77197327975965,-73.8157649145478,247354
2006,110,7452,420,6378,7122,40.74374673031607,-73.86210919324718,172634
2007,110,8052,430,6866,7207,40.74374673031607,-73.86210919324718,172634
2008,110,9881,352,6536,7006,40.74374673031607,-73.86210919324718,172634
2009,110,11652,556,6389,6369,40.74374673031607,-73.86210919324718,172634
2010,110,14368,659,6618,6689,40.74374673031607,-73.86210919324718,172634
2011,110,10795,677,6076,6399,40.74374673031607,-73.86210919324718,172634
2012,110,9090,597,5675,6766,40.74374673031607,-73.86210919324718,172634
2013,110,2737,367,5865,7157,40.74374673031607,-73.86210919324718,172634
2014,110,239,52,5664,7056,40.74374673031607,-73.86210919324718,172634
2015,110,192,67,5467,6629,40.74374673031607,-73.86210919324718,172634
2016,110,121,60,4457,6574,40.74374673031607,-73.86210919324718,172634
2017,110,139,70,3721,6214,40.74374673031607,-73.86210919324718,172634
2018,110,139,72,3656,6671,40.74374673031607,-73.86210919324718,172634
2006,111,4616,163,1955,3998,40.757512529509455,-73.76335238558491,116431
2007,111,3797,197,1844,3893,40.757512529509455,-73.76335238558491,116431
2008,111,4200,253,1857,3511,40.757512529509455,-73.76335238558491,116431
2009,111,4942,231,1904,3498,40.757512529509455,-73.76335238558491,116431
2010,111,4705,281,2006,3206,40.757512529509455,-73.76335238558491,116431
2011,111,4680,255,1805,3097,40.757512529509455,-73.76335238558491,116431
2012,111,3752,180,1671,3051,40.757512529509455,-73.76335238558491,116431
2013,111,1662,86,1673,3157,40.757512529509455,-73.76335238558491,116431
2014,111,524,37,1432,2832,40.757512529509455,-73.76335238558491,116431
2015,111,199,25,1472,2754,40.757512529509455,-73.76335238558491,116431
2016,111,127,33,1572,2937,40.757512529509455,-73.76335238558491,116431
2017,111,75,29,1402,2620,40.757512529509455,-73.76335238558491,116431
2018,111,101,27,1055,2433,40.757512529509455,-73.76335238558491,116431
2006,112,2890,170,2495,4183,40.72242048500947,-73.85052645787472,112277
2007,112,2366,160,2427,4188,40.72242048500947,-73.85052645787472,112277
2008,112,2764,182,2344,3700,40.72242048500947,-73.85052645787472,112277
2009,112,3232,314,2672,3324,40.72242048500947,-73.85052645787472,112277
2010,112,3195,291,2666,3510,40.72242048500947,-73.85052645787472,112277
2011,112,3407,285,2551,3595,40.72242048500947,-73.85052645787472,112277
2012,112,2799,224,2647,3704,40.72242048500947,-73.85052645787472,112277
2013,112,2051,126,2688,3643,40.72242048500947,-73.85052645787472,112277
2014,112,650,42,2604,3629,40.72242048500947,-73.85052645787472,112277
2015,112,175,8,2234,3330,40.72242048500947,-73.85052645787472,112277
2016,112,70,11,1909,3163,40.72242048500947,-73.85052645787472,112277
2017,112,57,15,1537,3204,40.72242048500947,-73.85052645787472,112277
2018,112,76,35,1628,3185,40.72242048500947,-73.85052645787472,112277
2006,113,4910,256,5564,8186,40.68211779521659,-73.77573510306844,120132
2007,113,6816,370,6332,8813,40.68211779521659,-73.77573510306844,120132
2008,113,8341,528,6379,9210,40.68211779521659,-73.77573510306844,120132
2009,113,11045,588,7603,8830,40.68211779521659,-73.77573510306844,120132
2010,113,9154,619,7257,8993,40.68211779521659,-73.77573510306844,120132
2011,113,12359,595,7164,8978,40.68211779521659,-73.77573510306844,120132
2012,113,8736,578,7612,9128,40.68211779521659,-73.77573510306844,120132
2013,113,3263,154,8041,8795,40.68211779521659,-73.77573510306844,120132
2014,113,676,57,8640,8631,40.68211779521659,-73.77573510306844,120132
2015,113,163,13,7027,8092,40.68211779521659,-73.77573510306844,120132
2016,113,113,18,6750,8035,40.68211779521659,-73.77573510306844,120132
2017,113,116,20,6071,7303,40.68211779521659,-73.77573510306844,120132
2018,113,102,17,6251,7236,40.68211779521659,-73.77573510306844,120132
2006,114,9399,1015,6615,9676,40.76624323840578,-73.91846818393721,202766
2007,114,9898,1156,7560,10037,40.76624323840578,-73.91846818393721,202766
2008,114,11944,870,6215,9005,40.76624323840578,-73.91846818393721,202766
2009,114,10944,623,6171,8535,40.76624323840578,-73.91846818393721,202766
2010,114,10887,670,5837,8704,40.76624323840578,-73.91846818393721,202766
2011,114,10343,740,5565,8701,40.76624323840578,-73.91846818393721,202766
2012,114,8464,562,5431,9137,40.76624323840578,-73.91846818393721,202766
2013,114,3160,288,5772,9208,40.76624323840578,-73.91846818393721,202766
2014,114,1018,129,5938,9519,40.76624323840578,-73.91846818393721,202766
2015,114,738,75,5265,8857,40.76624323840578,-73.91846818393721,202766
2016,114,382,62,5758,9105,40.76624323840578,-73.91846818393721,202766
2017,114,350,111,5264,8652,40.76624323840578,-73.91846818393721,202766
2018,114,254,125,4281,8342,40.76624323840578,-73.91846818393721,202766
2006,115,9626,249,7494,8081,40.758578941074894,-73.87739503627644,171576
2007,115,5970,248,8147,8424,40.758578941074894,-73.87739503627644,171576
2008,115,9742,322,8415,8235,40.758578941074894,-73.87739503627644,171576
2009,115,12923,422,9443,8173,40.758578941074894,-73.87739503627644,171576
2010,115,14023,507,8340,8371,40.758578941074894,-73.87739503627644,171576
2011,115,18156,671,7351,8109,40.758578941074894,-73.87739503627644,171576
2012,115,8068,464,6620,7587,40.758578941074894,-73.87739503627644,171576
2013,115,1187,247,6913,8217,40.758578941074894,-73.87739503627644,171576
2014,115,205,29,7072,8517,40.758578941074894,-73.87739503627644,171576
2015,115,132,20,5720,7478,40.758578941074894,-73.87739503627644,171576
2016,115,136,48,5029,7805,40.758578941074894,-73.87739503627644,171576
2017,115,135,39,4839,8201,40.758578941074894,-73.87739503627644,171576
2018,115,166,54,4370,7867,40.758578941074894,-73.87739503627644,171576
2006,120,9954,668,7326,12562,40.624356583143935,-74.11487809665407,175876
2007,120,10902,631,7645,12102,40.624356583143935,-74.11487809665407,175876
2008,120,17554,1066,9176,12276,40.624356583143935,-74.11487809665407,175876
2009,120,20798,922,8676,11773,40.624356583143935,-74.11487809665407,175876
2010,120,18529,1107,8797,12095,40.624356583143935,-74.11487809665407,175876
2011,120,16490,1269,8601,11705,40.624356583143935,-74.11487809665407,175876
2012,120,12368,854,7850,11918,40.624356583143935,-74.11487809665407,175876
2013,120,4536,303,5989,9585,40.624356583143935,-74.11487809665407,175876
2014,120,1934,97,4554,7662,40.624356583143935,-74.11487809665407,175876
2015,120,557,38,3966,7627,40.624356583143935,-74.11487809665407,175876
2016,120,219,36,4851,7770,40.624356583143935,-74.11487809665407,175876
2017,120,200,67,4742,7570,40.624356583143935,-74.11487809665407,175876
2018,120,122,44,4587,7637,40.624356583143935,-74.11487809665407,175876
2006,122,6276,281,3920,10424,40.58088315534328,-74.12550462369262,194822
2007,122,6784,249,3643,10241,40.58088315534328,-74.12550462369262,194822
2008,122,10754,248,4395,10504,40.58088315534328,-74.12550462369262,194822
2009,122,6301,159,3766,9013,40.58088315534328,-74.12550462369262,194822
2010,122,6601,188,3974,8597,40.58088315534328,-74.12550462369262,194822
2011,122,9535,343,3940,8314,40.58088315534328,-74.12550462369262,194822
2012,122,6420,232,3805,8545,40.58088315534328,-74.12550462369262,194822
2013,122,2239,94,3047,6711,40.58088315534328,-74.12550462369262,194822
2014,122,925,28,2294,5236,40.58088315534328,-74.12550462369262,194822
2015,122,387,24,1941,5019,40.58088315534328,-74.12550462369262,194822
2016,122,249,57,2176,5004,40.58088315534328,-74.12550462369262,194822
2017,122,164,70,1996,4900,40.58088315534328,-74.12550462369262,194822
2018,122,66,34,2004,4729,40.58088315534328,-74.12550462369262,194822
2006,123,2783,80,1160,4034,40.5336846343518,-74.19961865004129,98032
2007,123,3049,118,1123,3836,40.5336846343518,-74.19961865004129,98032
2008,123,4083,150,1433,4014,40.5336846343518,-74.19961865004129,98032
2009,123,2556,114,1531,3536,40.5336846343518,-74.19961865004129,98032
2010,123,2358,118,1490,3497,40.5336846343518,-74.19961865004129,98032
2011,123,2027,105,1484,3422,40.5336846343518,-74.19961865004129,98032
2012,123,1940,91,1364,3156,40.5336846343518,-74.19961865004129,98032
2013,123,1034,69,1478,2876,40.5336846343518,-74.19961865004129,98032
2014,123,321,70,1555,2859,40.5336846343518,-74.19961865004129,98032
2015,123,127,30,1439,2732,40.5336846343518,-74.19961865004129,98032
2016,123,90,32,1568,2648,40.5336846343518,-74.19961865004129,98032
2017,123,62,23,1602,2549,40.5336846343518,-74.19961865004129,98032
2018,123,36,4,1224,2535,40.5336846343518,-74.19961865004129,98032
